model,setting,groupn,run,s,a,first.stable.gen,n.gens.stable,first.stable.gen.fuzzy,n.gens.stable.fuzzy
fde,xpt1,100,1,0,0,1,99,1,99
fde,xpt1,100,2,0,0,1,99,1,99
fde,xpt1,100,3,0,0,1,99,1,99
fde,xpt1,100,4,0,0,1,99,1,99
fde,xpt1,100,5,0,0,1,99,1,99
fde,xpt1,100,6,0,0,1,99,1,99
fde,xpt1,100,7,0,0,1,99,1,99
fde,xpt1,100,8,0,0,1,99,1,99
fde,xpt1,100,9,0,0,1,99,1,99
fde,xpt1,100,10,0,0,1,99,1,99
fde,xpt1,100,11,0,0,1,99,1,99
fde,xpt1,100,12,0,0,1,99,1,99
fde,xpt1,100,13,0,0,1,99,1,99
fde,xpt1,100,14,0,0,1,99,1,99
fde,xpt1,100,15,0,0,1,99,1,99
fde,xpt1,100,16,0,0,1,99,1,99
fde,xpt1,100,17,0,0,1,99,1,99
fde,xpt1,100,18,0,0,1,99,1,99
fde,xpt1,100,19,0,0,1,99,1,99
fde,xpt1,100,20,0,0,1,99,1,99
fde,xpt1,100,1,0,1,100,0,100,0
fde,xpt1,100,2,0,1,98,2,100,0
fde,xpt1,100,3,0,1,89,11,100,0
fde,xpt1,100,4,0,1,100,0,100,0
fde,xpt1,100,5,0,1,81,19,100,0
fde,xpt1,100,6,0,1,84,16,100,0
fde,xpt1,100,7,0,1,100,0,100,0
fde,xpt1,100,8,0,1,87,13,100,0
fde,xpt1,100,9,0,1,85,15,100,0
fde,xpt1,100,10,0,1,87,13,100,0
fde,xpt1,100,11,0,1,82,18,100,0
fde,xpt1,100,12,0,1,83,17,100,0
fde,xpt1,100,13,0,1,82,18,100,0
fde,xpt1,100,14,0,1,90,10,100,0
fde,xpt1,100,15,0,1,98,2,100,0
fde,xpt1,100,16,0,1,94,6,100,0
fde,xpt1,100,17,0,1,100,0,100,0
fde,xpt1,100,18,0,1,86,14,100,0
fde,xpt1,100,19,0,1,100,0,100,0
fde,xpt1,100,20,0,1,95,5,100,0
fde,xpt1,100,1,0,2,96,4,100,0
fde,xpt1,100,2,0,2,94,6,100,0
fde,xpt1,100,3,0,2,100,0,100,0
fde,xpt1,100,4,0,2,100,0,100,0
fde,xpt1,100,5,0,2,96,4,100,0
fde,xpt1,100,6,0,2,100,0,100,0
fde,xpt1,100,7,0,2,99,1,100,0
fde,xpt1,100,8,0,2,94,6,100,0
fde,xpt1,100,9,0,2,100,0,100,0
fde,xpt1,100,10,0,2,90,10,100,0
fde,xpt1,100,11,0,2,99,1,100,0
fde,xpt1,100,12,0,2,97,3,100,0
fde,xpt1,100,13,0,2,96,4,100,0
fde,xpt1,100,14,0,2,100,0,100,0
fde,xpt1,100,15,0,2,96,4,100,0
fde,xpt1,100,16,0,2,97,3,100,0
fde,xpt1,100,17,0,2,100,0,100,0
fde,xpt1,100,18,0,2,95,5,100,0
fde,xpt1,100,19,0,2,100,0,100,0
fde,xpt1,100,20,0,2,99,1,100,0
fde,xpt1,100,1,0,3,100,0,100,0
fde,xpt1,100,2,0,3,100,0,100,0
fde,xpt1,100,3,0,3,95,5,100,0
fde,xpt1,100,4,0,3,95,5,100,0
fde,xpt1,100,5,0,3,92,8,100,0
fde,xpt1,100,6,0,3,91,9,100,0
fde,xpt1,100,7,0,3,97,3,100,0
fde,xpt1,100,8,0,3,93,7,100,0
fde,xpt1,100,9,0,3,100,0,100,0
fde,xpt1,100,10,0,3,97,3,100,0
fde,xpt1,100,11,0,3,91,9,100,0
fde,xpt1,100,12,0,3,91,9,100,0
fde,xpt1,100,13,0,3,100,0,100,0
fde,xpt1,100,14,0,3,100,0,100,0
fde,xpt1,100,15,0,3,95,5,100,0
fde,xpt1,100,16,0,3,90,10,100,0
fde,xpt1,100,17,0,3,96,4,100,0
fde,xpt1,100,18,0,3,92,8,100,0
fde,xpt1,100,19,0,3,99,1,100,0
fde,xpt1,100,20,0,3,100,0,100,0
fde,xpt1,100,1,0,4,96,4,100,0
fde,xpt1,100,2,0,4,98,2,100,0
fde,xpt1,100,3,0,4,95,5,100,0
fde,xpt1,100,4,0,4,100,0,100,0
fde,xpt1,100,5,0,4,100,0,100,0
fde,xpt1,100,6,0,4,91,9,100,0
fde,xpt1,100,7,0,4,91,9,100,0
fde,xpt1,100,8,0,4,100,0,100,0
fde,xpt1,100,9,0,4,100,0,100,0
fde,xpt1,100,10,0,4,98,2,100,0
fde,xpt1,100,11,0,4,93,7,100,0
fde,xpt1,100,12,0,4,100,0,100,0
fde,xpt1,100,13,0,4,100,0,100,0
fde,xpt1,100,14,0,4,100,0,100,0
fde,xpt1,100,15,0,4,96,4,100,0
fde,xpt1,100,16,0,4,100,0,100,0
fde,xpt1,100,17,0,4,97,3,100,0
fde,xpt1,100,18,0,4,100,0,100,0
fde,xpt1,100,19,0,4,95,5,100,0
fde,xpt1,100,20,0,4,94,6,100,0
fde,xpt1,100,1,0,5,99,1,100,0
fde,xpt1,100,2,0,5,96,4,100,0
fde,xpt1,100,3,0,5,95,5,100,0
fde,xpt1,100,4,0,5,98,2,100,0
fde,xpt1,100,5,0,5,100,0,100,0
fde,xpt1,100,6,0,5,100,0,100,0
fde,xpt1,100,7,0,5,93,7,100,0
fde,xpt1,100,8,0,5,98,2,100,0
fde,xpt1,100,9,0,5,94,6,100,0
fde,xpt1,100,10,0,5,100,0,100,0
fde,xpt1,100,11,0,5,94,6,100,0
fde,xpt1,100,12,0,5,92,8,100,0
fde,xpt1,100,13,0,5,94,6,100,0
fde,xpt1,100,14,0,5,100,0,100,0
fde,xpt1,100,15,0,5,100,0,100,0
fde,xpt1,100,16,0,5,95,5,100,0
fde,xpt1,100,17,0,5,94,6,100,0
fde,xpt1,100,18,0,5,92,8,100,0
fde,xpt1,100,19,0,5,100,0,100,0
fde,xpt1,100,20,0,5,100,0,100,0
fde,xpt1,100,1,0,6,100,0,100,0
fde,xpt1,100,2,0,6,91,9,100,0
fde,xpt1,100,3,0,6,100,0,100,0
fde,xpt1,100,4,0,6,94,6,100,0
fde,xpt1,100,5,0,6,93,7,100,0
fde,xpt1,100,6,0,6,97,3,100,0
fde,xpt1,100,7,0,6,93,7,100,0
fde,xpt1,100,8,0,6,92,8,100,0
fde,xpt1,100,9,0,6,100,0,100,0
fde,xpt1,100,10,0,6,100,0,100,0
fde,xpt1,100,11,0,6,100,0,100,0
fde,xpt1,100,12,0,6,100,0,100,0
fde,xpt1,100,13,0,6,93,7,100,0
fde,xpt1,100,14,0,6,97,3,100,0
fde,xpt1,100,15,0,6,100,0,100,0
fde,xpt1,100,16,0,6,100,0,100,0
fde,xpt1,100,17,0,6,100,0,100,0
fde,xpt1,100,18,0,6,100,0,100,0
fde,xpt1,100,19,0,6,92,8,100,0
fde,xpt1,100,20,0,6,97,3,100,0
fde,xpt1,100,1,0,7,94,6,100,0
fde,xpt1,100,2,0,7,93,7,100,0
fde,xpt1,100,3,0,7,94,6,100,0
fde,xpt1,100,4,0,7,99,1,100,0
fde,xpt1,100,5,0,7,100,0,100,0
fde,xpt1,100,6,0,7,99,1,100,0
fde,xpt1,100,7,0,7,93,7,100,0
fde,xpt1,100,8,0,7,100,0,100,0
fde,xpt1,100,9,0,7,98,2,100,0
fde,xpt1,100,10,0,7,98,2,100,0
fde,xpt1,100,11,0,7,100,0,100,0
fde,xpt1,100,12,0,7,100,0,100,0
fde,xpt1,100,13,0,7,93,7,100,0
fde,xpt1,100,14,0,7,100,0,100,0
fde,xpt1,100,15,0,7,100,0,100,0
fde,xpt1,100,16,0,7,97,3,100,0
fde,xpt1,100,17,0,7,100,0,100,0
fde,xpt1,100,18,0,7,91,9,100,0
fde,xpt1,100,19,0,7,99,1,100,0
fde,xpt1,100,20,0,7,100,0,100,0
fde,xpt1,100,1,0,8,95,5,100,0
fde,xpt1,100,2,0,8,95,5,100,0
fde,xpt1,100,3,0,8,94,6,100,0
fde,xpt1,100,4,0,8,94,6,100,0
fde,xpt1,100,5,0,8,100,0,100,0
fde,xpt1,100,6,0,8,100,0,100,0
fde,xpt1,100,7,0,8,92,8,100,0
fde,xpt1,100,8,0,8,95,5,100,0
fde,xpt1,100,9,0,8,100,0,100,0
fde,xpt1,100,10,0,8,100,0,100,0
fde,xpt1,100,11,0,8,100,0,100,0
fde,xpt1,100,12,0,8,99,1,100,0
fde,xpt1,100,13,0,8,92,8,100,0
fde,xpt1,100,14,0,8,96,4,100,0
fde,xpt1,100,15,0,8,100,0,100,0
fde,xpt1,100,16,0,8,100,0,100,0
fde,xpt1,100,17,0,8,100,0,100,0
fde,xpt1,100,18,0,8,100,0,100,0
fde,xpt1,100,19,0,8,100,0,100,0
fde,xpt1,100,20,0,8,100,0,100,0
fde,xpt1,100,1,0,9,98,2,100,0
fde,xpt1,100,2,0,9,100,0,100,0
fde,xpt1,100,3,0,9,96,4,100,0
fde,xpt1,100,4,0,9,100,0,100,0
fde,xpt1,100,5,0,9,100,0,100,0
fde,xpt1,100,6,0,9,92,8,100,0
fde,xpt1,100,7,0,9,98,2,100,0
fde,xpt1,100,8,0,9,92,8,100,0
fde,xpt1,100,9,0,9,100,0,100,0
fde,xpt1,100,10,0,9,93,7,100,0
fde,xpt1,100,11,0,9,98,2,100,0
fde,xpt1,100,12,0,9,94,6,100,0
fde,xpt1,100,13,0,9,99,1,100,0
fde,xpt1,100,14,0,9,94,6,100,0
fde,xpt1,100,15,0,9,97,3,100,0
fde,xpt1,100,16,0,9,100,0,100,0
fde,xpt1,100,17,0,9,100,0,100,0
fde,xpt1,100,18,0,9,93,7,100,0
fde,xpt1,100,19,0,9,94,6,100,0
fde,xpt1,100,20,0,9,98,2,100,0
fde,xpt1,100,1,0.05,0,1,99,100,0
fde,xpt1,100,2,0.05,0,1,99,100,0
fde,xpt1,100,3,0.05,0,1,99,100,0
fde,xpt1,100,4,0.05,0,1,99,100,0
fde,xpt1,100,5,0.05,0,1,99,100,0
fde,xpt1,100,6,0.05,0,1,99,100,0
fde,xpt1,100,7,0.05,0,1,99,100,0
fde,xpt1,100,8,0.05,0,1,99,100,0
fde,xpt1,100,9,0.05,0,1,99,100,0
fde,xpt1,100,10,0.05,0,1,99,100,0
fde,xpt1,100,11,0.05,0,1,99,100,0
fde,xpt1,100,12,0.05,0,1,99,100,0
fde,xpt1,100,13,0.05,0,1,99,100,0
fde,xpt1,100,14,0.05,0,1,99,100,0
fde,xpt1,100,15,0.05,0,1,99,100,0
fde,xpt1,100,16,0.05,0,1,99,100,0
fde,xpt1,100,17,0.05,0,1,99,100,0
fde,xpt1,100,18,0.05,0,1,99,100,0
fde,xpt1,100,19,0.05,0,1,99,100,0
fde,xpt1,100,20,0.05,0,1,99,100,0
fde,xpt1,100,1,0.05,1,93,7,100,0
fde,xpt1,100,2,0.05,1,100,0,100,0
fde,xpt1,100,3,0.05,1,97,3,100,0
fde,xpt1,100,4,0.05,1,94,6,100,0
fde,xpt1,100,5,0.05,1,99,1,100,0
fde,xpt1,100,6,0.05,1,100,0,100,0
fde,xpt1,100,7,0.05,1,100,0,100,0
fde,xpt1,100,8,0.05,1,91,9,100,0
fde,xpt1,100,9,0.05,1,94,6,100,0
fde,xpt1,100,10,0.05,1,100,0,100,0
fde,xpt1,100,11,0.05,1,100,0,100,0
fde,xpt1,100,12,0.05,1,100,0,100,0
fde,xpt1,100,13,0.05,1,93,7,100,0
fde,xpt1,100,14,0.05,1,100,0,100,0
fde,xpt1,100,15,0.05,1,100,0,100,0
fde,xpt1,100,16,0.05,1,96,4,100,0
fde,xpt1,100,17,0.05,1,91,9,100,0
fde,xpt1,100,18,0.05,1,94,6,100,0
fde,xpt1,100,19,0.05,1,94,6,100,0
fde,xpt1,100,20,0.05,1,94,6,100,0
fde,xpt1,100,1,0.05,2,100,0,100,0
fde,xpt1,100,2,0.05,2,97,3,100,0
fde,xpt1,100,3,0.05,2,100,0,100,0
fde,xpt1,100,4,0.05,2,100,0,100,0
fde,xpt1,100,5,0.05,2,99,1,100,0
fde,xpt1,100,6,0.05,2,92,8,100,0
fde,xpt1,100,7,0.05,2,97,3,100,0
fde,xpt1,100,8,0.05,2,97,3,100,0
fde,xpt1,100,9,0.05,2,92,8,100,0
fde,xpt1,100,10,0.05,2,100,0,100,0
fde,xpt1,100,11,0.05,2,95,5,100,0
fde,xpt1,100,12,0.05,2,100,0,100,0
fde,xpt1,100,13,0.05,2,100,0,100,0
fde,xpt1,100,14,0.05,2,100,0,100,0
fde,xpt1,100,15,0.05,2,93,7,100,0
fde,xpt1,100,16,0.05,2,100,0,100,0
fde,xpt1,100,17,0.05,2,100,0,100,0
fde,xpt1,100,18,0.05,2,97,3,100,0
fde,xpt1,100,19,0.05,2,98,2,100,0
fde,xpt1,100,20,0.05,2,95,5,100,0
fde,xpt1,100,1,0.05,3,99,1,100,0
fde,xpt1,100,2,0.05,3,100,0,100,0
fde,xpt1,100,3,0.05,3,99,1,100,0
fde,xpt1,100,4,0.05,3,97,3,100,0
fde,xpt1,100,5,0.05,3,100,0,100,0
fde,xpt1,100,6,0.05,3,100,0,100,0
fde,xpt1,100,7,0.05,3,100,0,100,0
fde,xpt1,100,8,0.05,3,94,6,100,0
fde,xpt1,100,9,0.05,3,99,1,100,0
fde,xpt1,100,10,0.05,3,96,4,100,0
fde,xpt1,100,11,0.05,3,95,5,100,0
fde,xpt1,100,12,0.05,3,100,0,100,0
fde,xpt1,100,13,0.05,3,96,4,100,0
fde,xpt1,100,14,0.05,3,100,0,100,0
fde,xpt1,100,15,0.05,3,97,3,100,0
fde,xpt1,100,16,0.05,3,93,7,100,0
fde,xpt1,100,17,0.05,3,100,0,100,0
fde,xpt1,100,18,0.05,3,98,2,100,0
fde,xpt1,100,19,0.05,3,100,0,100,0
fde,xpt1,100,20,0.05,3,96,4,100,0
fde,xpt1,100,1,0.05,4,100,0,100,0
fde,xpt1,100,2,0.05,4,100,0,100,0
fde,xpt1,100,3,0.05,4,96,4,100,0
fde,xpt1,100,4,0.05,4,98,2,100,0
fde,xpt1,100,5,0.05,4,92,8,100,0
fde,xpt1,100,6,0.05,4,100,0,100,0
fde,xpt1,100,7,0.05,4,100,0,100,0
fde,xpt1,100,8,0.05,4,100,0,100,0
fde,xpt1,100,9,0.05,4,99,1,100,0
fde,xpt1,100,10,0.05,4,100,0,100,0
fde,xpt1,100,11,0.05,4,95,5,100,0
fde,xpt1,100,12,0.05,4,100,0,100,0
fde,xpt1,100,13,0.05,4,100,0,100,0
fde,xpt1,100,14,0.05,4,94,6,100,0
fde,xpt1,100,15,0.05,4,95,5,100,0
fde,xpt1,100,16,0.05,4,97,3,100,0
fde,xpt1,100,17,0.05,4,95,5,100,0
fde,xpt1,100,18,0.05,4,100,0,100,0
fde,xpt1,100,19,0.05,4,97,3,100,0
fde,xpt1,100,20,0.05,4,95,5,100,0
fde,xpt1,100,1,0.05,5,100,0,100,0
fde,xpt1,100,2,0.05,5,99,1,100,0
fde,xpt1,100,3,0.05,5,100,0,100,0
fde,xpt1,100,4,0.05,5,100,0,100,0
fde,xpt1,100,5,0.05,5,100,0,100,0
fde,xpt1,100,6,0.05,5,93,7,100,0
fde,xpt1,100,7,0.05,5,99,1,100,0
fde,xpt1,100,8,0.05,5,100,0,100,0
fde,xpt1,100,9,0.05,5,94,6,100,0
fde,xpt1,100,10,0.05,5,97,3,100,0
fde,xpt1,100,11,0.05,5,99,1,100,0
fde,xpt1,100,12,0.05,5,93,7,100,0
fde,xpt1,100,13,0.05,5,94,6,100,0
fde,xpt1,100,14,0.05,5,100,0,100,0
fde,xpt1,100,15,0.05,5,94,6,100,0
fde,xpt1,100,16,0.05,5,100,0,100,0
fde,xpt1,100,17,0.05,5,100,0,100,0
fde,xpt1,100,18,0.05,5,100,0,100,0
fde,xpt1,100,19,0.05,5,91,9,100,0
fde,xpt1,100,20,0.05,5,100,0,100,0
fde,xpt1,100,1,0.05,6,100,0,100,0
fde,xpt1,100,2,0.05,6,100,0,100,0
fde,xpt1,100,3,0.05,6,100,0,100,0
fde,xpt1,100,4,0.05,6,100,0,100,0
fde,xpt1,100,5,0.05,6,100,0,100,0
fde,xpt1,100,6,0.05,6,100,0,100,0
fde,xpt1,100,7,0.05,6,100,0,100,0
fde,xpt1,100,8,0.05,6,100,0,100,0
fde,xpt1,100,9,0.05,6,92,8,100,0
fde,xpt1,100,10,0.05,6,97,3,100,0
fde,xpt1,100,11,0.05,6,100,0,100,0
fde,xpt1,100,12,0.05,6,100,0,100,0
fde,xpt1,100,13,0.05,6,100,0,100,0
fde,xpt1,100,14,0.05,6,97,3,100,0
fde,xpt1,100,15,0.05,6,100,0,100,0
fde,xpt1,100,16,0.05,6,98,2,100,0
fde,xpt1,100,17,0.05,6,98,2,100,0
fde,xpt1,100,18,0.05,6,100,0,100,0
fde,xpt1,100,19,0.05,6,94,6,100,0
fde,xpt1,100,20,0.05,6,95,5,100,0
fde,xpt1,100,1,0.05,7,99,1,100,0
fde,xpt1,100,2,0.05,7,93,7,100,0
fde,xpt1,100,3,0.05,7,94,6,100,0
fde,xpt1,100,4,0.05,7,100,0,100,0
fde,xpt1,100,5,0.05,7,100,0,100,0
fde,xpt1,100,6,0.05,7,100,0,100,0
fde,xpt1,100,7,0.05,7,96,4,100,0
fde,xpt1,100,8,0.05,7,98,2,100,0
fde,xpt1,100,9,0.05,7,96,4,100,0
fde,xpt1,100,10,0.05,7,98,2,100,0
fde,xpt1,100,11,0.05,7,93,7,100,0
fde,xpt1,100,12,0.05,7,98,2,100,0
fde,xpt1,100,13,0.05,7,98,2,100,0
fde,xpt1,100,14,0.05,7,94,6,100,0
fde,xpt1,100,15,0.05,7,92,8,100,0
fde,xpt1,100,16,0.05,7,100,0,100,0
fde,xpt1,100,17,0.05,7,94,6,100,0
fde,xpt1,100,18,0.05,7,100,0,100,0
fde,xpt1,100,19,0.05,7,100,0,100,0
fde,xpt1,100,20,0.05,7,100,0,100,0
fde,xpt1,100,1,0.05,8,100,0,100,0
fde,xpt1,100,2,0.05,8,99,1,100,0
fde,xpt1,100,3,0.05,8,100,0,100,0
fde,xpt1,100,4,0.05,8,96,4,100,0
fde,xpt1,100,5,0.05,8,98,2,100,0
fde,xpt1,100,6,0.05,8,92,8,100,0
fde,xpt1,100,7,0.05,8,100,0,100,0
fde,xpt1,100,8,0.05,8,99,1,100,0
fde,xpt1,100,9,0.05,8,99,1,100,0
fde,xpt1,100,10,0.05,8,98,2,100,0
fde,xpt1,100,11,0.05,8,94,6,100,0
fde,xpt1,100,12,0.05,8,98,2,100,0
fde,xpt1,100,13,0.05,8,100,0,100,0
fde,xpt1,100,14,0.05,8,100,0,100,0
fde,xpt1,100,15,0.05,8,99,1,100,0
fde,xpt1,100,16,0.05,8,96,4,100,0
fde,xpt1,100,17,0.05,8,100,0,100,0
fde,xpt1,100,18,0.05,8,100,0,100,0
fde,xpt1,100,19,0.05,8,100,0,100,0
fde,xpt1,100,20,0.05,8,97,3,100,0
fde,xpt1,100,1,0.05,9,100,0,100,0
fde,xpt1,100,2,0.05,9,99,1,100,0
fde,xpt1,100,3,0.05,9,100,0,100,0
fde,xpt1,100,4,0.05,9,100,0,100,0
fde,xpt1,100,5,0.05,9,95,5,100,0
fde,xpt1,100,6,0.05,9,97,3,100,0
fde,xpt1,100,7,0.05,9,100,0,100,0
fde,xpt1,100,8,0.05,9,100,0,100,0
fde,xpt1,100,9,0.05,9,98,2,100,0
fde,xpt1,100,10,0.05,9,100,0,100,0
fde,xpt1,100,11,0.05,9,97,3,100,0
fde,xpt1,100,12,0.05,9,100,0,100,0
fde,xpt1,100,13,0.05,9,100,0,100,0
fde,xpt1,100,14,0.05,9,100,0,100,0
fde,xpt1,100,15,0.05,9,98,2,100,0
fde,xpt1,100,16,0.05,9,100,0,100,0
fde,xpt1,100,17,0.05,9,100,0,100,0
fde,xpt1,100,18,0.05,9,95,5,100,0
fde,xpt1,100,19,0.05,9,100,0,100,0
fde,xpt1,100,20,0.05,9,100,0,100,0
fde,xpt1,100,1,0.1,0,1,99,100,0
fde,xpt1,100,2,0.1,0,1,99,100,0
fde,xpt1,100,3,0.1,0,1,99,100,0
fde,xpt1,100,4,0.1,0,1,99,100,0
fde,xpt1,100,5,0.1,0,1,99,100,0
fde,xpt1,100,6,0.1,0,1,99,100,0
fde,xpt1,100,7,0.1,0,1,99,100,0
fde,xpt1,100,8,0.1,0,1,99,100,0
fde,xpt1,100,9,0.1,0,1,99,100,0
fde,xpt1,100,10,0.1,0,1,99,100,0
fde,xpt1,100,11,0.1,0,1,99,100,0
fde,xpt1,100,12,0.1,0,1,99,100,0
fde,xpt1,100,13,0.1,0,1,99,100,0
fde,xpt1,100,14,0.1,0,1,99,100,0
fde,xpt1,100,15,0.1,0,1,99,100,0
fde,xpt1,100,16,0.1,0,1,99,100,0
fde,xpt1,100,17,0.1,0,1,99,100,0
fde,xpt1,100,18,0.1,0,1,99,100,0
fde,xpt1,100,19,0.1,0,1,99,100,0
fde,xpt1,100,20,0.1,0,1,99,100,0
fde,xpt1,100,1,0.1,1,93,7,100,0
fde,xpt1,100,2,0.1,1,100,0,100,0
fde,xpt1,100,3,0.1,1,100,0,100,0
fde,xpt1,100,4,0.1,1,97,3,100,0
fde,xpt1,100,5,0.1,1,100,0,100,0
fde,xpt1,100,6,0.1,1,100,0,100,0
fde,xpt1,100,7,0.1,1,98,2,100,0
fde,xpt1,100,8,0.1,1,99,1,100,0
fde,xpt1,100,9,0.1,1,100,0,100,0
fde,xpt1,100,10,0.1,1,100,0,100,0
fde,xpt1,100,11,0.1,1,100,0,100,0
fde,xpt1,100,12,0.1,1,100,0,100,0
fde,xpt1,100,13,0.1,1,90,10,100,0
fde,xpt1,100,14,0.1,1,100,0,100,0
fde,xpt1,100,15,0.1,1,100,0,100,0
fde,xpt1,100,16,0.1,1,54,46,100,0
fde,xpt1,100,17,0.1,1,100,0,100,0
fde,xpt1,100,18,0.1,1,88,12,100,0
fde,xpt1,100,19,0.1,1,100,0,100,0
fde,xpt1,100,20,0.1,1,98,2,100,0
fde,xpt1,100,1,0.1,2,99,1,100,0
fde,xpt1,100,2,0.1,2,95,5,100,0
fde,xpt1,100,3,0.1,2,100,0,100,0
fde,xpt1,100,4,0.1,2,99,1,100,0
fde,xpt1,100,5,0.1,2,97,3,100,0
fde,xpt1,100,6,0.1,2,100,0,100,0
fde,xpt1,100,7,0.1,2,99,1,100,0
fde,xpt1,100,8,0.1,2,100,0,100,0
fde,xpt1,100,9,0.1,2,100,0,100,0
fde,xpt1,100,10,0.1,2,97,3,100,0
fde,xpt1,100,11,0.1,2,100,0,100,0
fde,xpt1,100,12,0.1,2,100,0,100,0
fde,xpt1,100,13,0.1,2,99,1,100,0
fde,xpt1,100,14,0.1,2,92,8,100,0
fde,xpt1,100,15,0.1,2,96,4,100,0
fde,xpt1,100,16,0.1,2,94,6,100,0
fde,xpt1,100,17,0.1,2,96,4,100,0
fde,xpt1,100,18,0.1,2,95,5,100,0
fde,xpt1,100,19,0.1,2,92,8,100,0
fde,xpt1,100,20,0.1,2,98,2,100,0
fde,xpt1,100,1,0.1,3,92,8,100,0
fde,xpt1,100,2,0.1,3,100,0,100,0
fde,xpt1,100,3,0.1,3,100,0,100,0
fde,xpt1,100,4,0.1,3,95,5,100,0
fde,xpt1,100,5,0.1,3,100,0,100,0
fde,xpt1,100,6,0.1,3,94,6,100,0
fde,xpt1,100,7,0.1,3,97,3,100,0
fde,xpt1,100,8,0.1,3,100,0,100,0
fde,xpt1,100,9,0.1,3,98,2,100,0
fde,xpt1,100,10,0.1,3,99,1,100,0
fde,xpt1,100,11,0.1,3,93,7,100,0
fde,xpt1,100,12,0.1,3,95,5,100,0
fde,xpt1,100,13,0.1,3,94,6,100,0
fde,xpt1,100,14,0.1,3,100,0,100,0
fde,xpt1,100,15,0.1,3,100,0,100,0
fde,xpt1,100,16,0.1,3,96,4,100,0
fde,xpt1,100,17,0.1,3,100,0,100,0
fde,xpt1,100,18,0.1,3,95,5,100,0
fde,xpt1,100,19,0.1,3,99,1,100,0
fde,xpt1,100,20,0.1,3,100,0,100,0
fde,xpt1,100,1,0.1,4,100,0,100,0
fde,xpt1,100,2,0.1,4,100,0,100,0
fde,xpt1,100,3,0.1,4,99,1,100,0
fde,xpt1,100,4,0.1,4,93,7,100,0
fde,xpt1,100,5,0.1,4,92,8,100,0
fde,xpt1,100,6,0.1,4,100,0,100,0
fde,xpt1,100,7,0.1,4,100,0,100,0
fde,xpt1,100,8,0.1,4,93,7,100,0
fde,xpt1,100,9,0.1,4,100,0,100,0
fde,xpt1,100,10,0.1,4,100,0,100,0
fde,xpt1,100,11,0.1,4,96,4,100,0
fde,xpt1,100,12,0.1,4,100,0,100,0
fde,xpt1,100,13,0.1,4,95,5,100,0
fde,xpt1,100,14,0.1,4,100,0,100,0
fde,xpt1,100,15,0.1,4,99,1,100,0
fde,xpt1,100,16,0.1,4,95,5,100,0
fde,xpt1,100,17,0.1,4,93,7,100,0
fde,xpt1,100,18,0.1,4,100,0,100,0
fde,xpt1,100,19,0.1,4,100,0,100,0
fde,xpt1,100,20,0.1,4,96,4,100,0
fde,xpt1,100,1,0.1,5,98,2,100,0
fde,xpt1,100,2,0.1,5,96,4,100,0
fde,xpt1,100,3,0.1,5,97,3,100,0
fde,xpt1,100,4,0.1,5,98,2,100,0
fde,xpt1,100,5,0.1,5,100,0,100,0
fde,xpt1,100,6,0.1,5,100,0,100,0
fde,xpt1,100,7,0.1,5,97,3,100,0
fde,xpt1,100,8,0.1,5,99,1,100,0
fde,xpt1,100,9,0.1,5,100,0,100,0
fde,xpt1,100,10,0.1,5,98,2,100,0
fde,xpt1,100,11,0.1,5,95,5,100,0
fde,xpt1,100,12,0.1,5,100,0,100,0
fde,xpt1,100,13,0.1,5,93,7,100,0
fde,xpt1,100,14,0.1,5,100,0,100,0
fde,xpt1,100,15,0.1,5,96,4,100,0
fde,xpt1,100,16,0.1,5,93,7,100,0
fde,xpt1,100,17,0.1,5,96,4,100,0
fde,xpt1,100,18,0.1,5,98,2,100,0
fde,xpt1,100,19,0.1,5,99,1,100,0
fde,xpt1,100,20,0.1,5,99,1,100,0
fde,xpt1,100,1,0.1,6,96,4,100,0
fde,xpt1,100,2,0.1,6,96,4,100,0
fde,xpt1,100,3,0.1,6,100,0,100,0
fde,xpt1,100,4,0.1,6,100,0,100,0
fde,xpt1,100,5,0.1,6,100,0,100,0
fde,xpt1,100,6,0.1,6,100,0,100,0
fde,xpt1,100,7,0.1,6,95,5,100,0
fde,xpt1,100,8,0.1,6,99,1,100,0
fde,xpt1,100,9,0.1,6,96,4,100,0
fde,xpt1,100,10,0.1,6,100,0,100,0
fde,xpt1,100,11,0.1,6,100,0,100,0
fde,xpt1,100,12,0.1,6,100,0,100,0
fde,xpt1,100,13,0.1,6,100,0,100,0
fde,xpt1,100,14,0.1,6,93,7,100,0
fde,xpt1,100,15,0.1,6,100,0,100,0
fde,xpt1,100,16,0.1,6,95,5,100,0
fde,xpt1,100,17,0.1,6,98,2,100,0
fde,xpt1,100,18,0.1,6,100,0,100,0
fde,xpt1,100,19,0.1,6,100,0,100,0
fde,xpt1,100,20,0.1,6,100,0,100,0
fde,xpt1,100,1,0.1,7,97,3,100,0
fde,xpt1,100,2,0.1,7,99,1,100,0
fde,xpt1,100,3,0.1,7,100,0,100,0
fde,xpt1,100,4,0.1,7,93,7,100,0
fde,xpt1,100,5,0.1,7,99,1,100,0
fde,xpt1,100,6,0.1,7,100,0,100,0
fde,xpt1,100,7,0.1,7,100,0,100,0
fde,xpt1,100,8,0.1,7,99,1,100,0
fde,xpt1,100,9,0.1,7,100,0,100,0
fde,xpt1,100,10,0.1,7,100,0,100,0
fde,xpt1,100,11,0.1,7,94,6,100,0
fde,xpt1,100,12,0.1,7,100,0,100,0
fde,xpt1,100,13,0.1,7,100,0,100,0
fde,xpt1,100,14,0.1,7,99,1,100,0
fde,xpt1,100,15,0.1,7,98,2,100,0
fde,xpt1,100,16,0.1,7,100,0,100,0
fde,xpt1,100,17,0.1,7,100,0,100,0
fde,xpt1,100,18,0.1,7,100,0,100,0
fde,xpt1,100,19,0.1,7,100,0,100,0
fde,xpt1,100,20,0.1,7,100,0,100,0
fde,xpt1,100,1,0.1,8,96,4,100,0
fde,xpt1,100,2,0.1,8,100,0,100,0
fde,xpt1,100,3,0.1,8,93,7,100,0
fde,xpt1,100,4,0.1,8,100,0,100,0
fde,xpt1,100,5,0.1,8,98,2,100,0
fde,xpt1,100,6,0.1,8,99,1,100,0
fde,xpt1,100,7,0.1,8,97,3,100,0
fde,xpt1,100,8,0.1,8,100,0,100,0
fde,xpt1,100,9,0.1,8,100,0,100,0
fde,xpt1,100,10,0.1,8,100,0,100,0
fde,xpt1,100,11,0.1,8,94,6,100,0
fde,xpt1,100,12,0.1,8,88,12,100,0
fde,xpt1,100,13,0.1,8,98,2,100,0
fde,xpt1,100,14,0.1,8,97,3,100,0
fde,xpt1,100,15,0.1,8,100,0,100,0
fde,xpt1,100,16,0.1,8,96,4,100,0
fde,xpt1,100,17,0.1,8,100,0,100,0
fde,xpt1,100,18,0.1,8,97,3,100,0
fde,xpt1,100,19,0.1,8,100,0,100,0
fde,xpt1,100,20,0.1,8,99,1,100,0
fde,xpt1,100,1,0.1,9,100,0,100,0
fde,xpt1,100,2,0.1,9,94,6,100,0
fde,xpt1,100,3,0.1,9,100,0,100,0
fde,xpt1,100,4,0.1,9,100,0,100,0
fde,xpt1,100,5,0.1,9,96,4,100,0
fde,xpt1,100,6,0.1,9,95,5,100,0
fde,xpt1,100,7,0.1,9,97,3,100,0
fde,xpt1,100,8,0.1,9,99,1,100,0
fde,xpt1,100,9,0.1,9,98,2,100,0
fde,xpt1,100,10,0.1,9,100,0,100,0
fde,xpt1,100,11,0.1,9,99,1,100,0
fde,xpt1,100,12,0.1,9,95,5,100,0
fde,xpt1,100,13,0.1,9,100,0,100,0
fde,xpt1,100,14,0.1,9,100,0,100,0
fde,xpt1,100,15,0.1,9,100,0,100,0
fde,xpt1,100,16,0.1,9,100,0,100,0
fde,xpt1,100,17,0.1,9,95,5,100,0
fde,xpt1,100,18,0.1,9,98,2,100,0
fde,xpt1,100,19,0.1,9,95,5,100,0
fde,xpt1,100,20,0.1,9,96,4,100,0
fde,xpt1,100,1,0.15,0,1,99,100,0
fde,xpt1,100,2,0.15,0,1,99,100,0
fde,xpt1,100,3,0.15,0,1,99,100,0
fde,xpt1,100,4,0.15,0,1,99,100,0
fde,xpt1,100,5,0.15,0,1,99,100,0
fde,xpt1,100,6,0.15,0,1,99,100,0
fde,xpt1,100,7,0.15,0,1,99,100,0
fde,xpt1,100,8,0.15,0,1,99,100,0
fde,xpt1,100,9,0.15,0,1,99,100,0
fde,xpt1,100,10,0.15,0,1,99,100,0
fde,xpt1,100,11,0.15,0,1,99,100,0
fde,xpt1,100,12,0.15,0,1,99,100,0
fde,xpt1,100,13,0.15,0,1,99,100,0
fde,xpt1,100,14,0.15,0,1,99,100,0
fde,xpt1,100,15,0.15,0,1,99,100,0
fde,xpt1,100,16,0.15,0,1,99,100,0
fde,xpt1,100,17,0.15,0,1,99,100,0
fde,xpt1,100,18,0.15,0,1,99,100,0
fde,xpt1,100,19,0.15,0,1,99,100,0
fde,xpt1,100,20,0.15,0,1,99,100,0
fde,xpt1,100,1,0.15,1,62,38,100,0
fde,xpt1,100,2,0.15,1,58,42,100,0
fde,xpt1,100,3,0.15,1,11,89,100,0
fde,xpt1,100,4,0.15,1,66,34,100,0
fde,xpt1,100,5,0.15,1,68,32,100,0
fde,xpt1,100,6,0.15,1,58,42,100,0
fde,xpt1,100,7,0.15,1,59,41,100,0
fde,xpt1,100,8,0.15,1,9,91,100,0
fde,xpt1,100,9,0.15,1,63,37,100,0
fde,xpt1,100,10,0.15,1,62,38,100,0
fde,xpt1,100,11,0.15,1,53,47,100,0
fde,xpt1,100,12,0.15,1,58,42,100,0
fde,xpt1,100,13,0.15,1,57,43,100,0
fde,xpt1,100,14,0.15,1,57,43,100,0
fde,xpt1,100,15,0.15,1,58,42,100,0
fde,xpt1,100,16,0.15,1,55,45,100,0
fde,xpt1,100,17,0.15,1,57,43,100,0
fde,xpt1,100,18,0.15,1,62,38,100,0
fde,xpt1,100,19,0.15,1,4,96,100,0
fde,xpt1,100,20,0.15,1,9,91,100,0
fde,xpt1,100,1,0.15,2,100,0,100,0
fde,xpt1,100,2,0.15,2,99,1,100,0
fde,xpt1,100,3,0.15,2,91,9,100,0
fde,xpt1,100,4,0.15,2,98,2,100,0
fde,xpt1,100,5,0.15,2,100,0,100,0
fde,xpt1,100,6,0.15,2,95,5,100,0
fde,xpt1,100,7,0.15,2,99,1,100,0
fde,xpt1,100,8,0.15,2,98,2,100,0
fde,xpt1,100,9,0.15,2,94,6,100,0
fde,xpt1,100,10,0.15,2,100,0,100,0
fde,xpt1,100,11,0.15,2,96,4,100,0
fde,xpt1,100,12,0.15,2,98,2,100,0
fde,xpt1,100,13,0.15,2,98,2,100,0
fde,xpt1,100,14,0.15,2,99,1,100,0
fde,xpt1,100,15,0.15,2,94,6,100,0
fde,xpt1,100,16,0.15,2,98,2,100,0
fde,xpt1,100,17,0.15,2,98,2,100,0
fde,xpt1,100,18,0.15,2,99,1,100,0
fde,xpt1,100,19,0.15,2,100,0,100,0
fde,xpt1,100,20,0.15,2,70,30,100,0
fde,xpt1,100,1,0.15,3,100,0,100,0
fde,xpt1,100,2,0.15,3,100,0,100,0
fde,xpt1,100,3,0.15,3,100,0,100,0
fde,xpt1,100,4,0.15,3,94,6,100,0
fde,xpt1,100,5,0.15,3,98,2,100,0
fde,xpt1,100,6,0.15,3,100,0,100,0
fde,xpt1,100,7,0.15,3,97,3,100,0
fde,xpt1,100,8,0.15,3,96,4,100,0
fde,xpt1,100,9,0.15,3,96,4,100,0
fde,xpt1,100,10,0.15,3,100,0,100,0
fde,xpt1,100,11,0.15,3,100,0,100,0
fde,xpt1,100,12,0.15,3,95,5,100,0
fde,xpt1,100,13,0.15,3,100,0,100,0
fde,xpt1,100,14,0.15,3,90,10,100,0
fde,xpt1,100,15,0.15,3,98,2,100,0
fde,xpt1,100,16,0.15,3,100,0,100,0
fde,xpt1,100,17,0.15,3,100,0,100,0
fde,xpt1,100,18,0.15,3,100,0,100,0
fde,xpt1,100,19,0.15,3,94,6,100,0
fde,xpt1,100,20,0.15,3,100,0,100,0
fde,xpt1,100,1,0.15,4,100,0,100,0
fde,xpt1,100,2,0.15,4,100,0,100,0
fde,xpt1,100,3,0.15,4,95,5,100,0
fde,xpt1,100,4,0.15,4,98,2,100,0
fde,xpt1,100,5,0.15,4,69,31,100,0
fde,xpt1,100,6,0.15,4,98,2,100,0
fde,xpt1,100,7,0.15,4,99,1,100,0
fde,xpt1,100,8,0.15,4,100,0,100,0
fde,xpt1,100,9,0.15,4,100,0,100,0
fde,xpt1,100,10,0.15,4,100,0,100,0
fde,xpt1,100,11,0.15,4,96,4,100,0
fde,xpt1,100,12,0.15,4,100,0,100,0
fde,xpt1,100,13,0.15,4,100,0,100,0
fde,xpt1,100,14,0.15,4,100,0,100,0
fde,xpt1,100,15,0.15,4,100,0,100,0
fde,xpt1,100,16,0.15,4,100,0,100,0
fde,xpt1,100,17,0.15,4,100,0,100,0
fde,xpt1,100,18,0.15,4,100,0,100,0
fde,xpt1,100,19,0.15,4,95,5,100,0
fde,xpt1,100,20,0.15,4,100,0,100,0
fde,xpt1,100,1,0.15,5,98,2,100,0
fde,xpt1,100,2,0.15,5,98,2,100,0
fde,xpt1,100,3,0.15,5,100,0,100,0
fde,xpt1,100,4,0.15,5,100,0,100,0
fde,xpt1,100,5,0.15,5,95,5,100,0
fde,xpt1,100,6,0.15,5,95,5,100,0
fde,xpt1,100,7,0.15,5,97,3,100,0
fde,xpt1,100,8,0.15,5,97,3,100,0
fde,xpt1,100,9,0.15,5,100,0,100,0
fde,xpt1,100,10,0.15,5,100,0,100,0
fde,xpt1,100,11,0.15,5,95,5,100,0
fde,xpt1,100,12,0.15,5,99,1,100,0
fde,xpt1,100,13,0.15,5,95,5,100,0
fde,xpt1,100,14,0.15,5,100,0,100,0
fde,xpt1,100,15,0.15,5,100,0,100,0
fde,xpt1,100,16,0.15,5,100,0,100,0
fde,xpt1,100,17,0.15,5,95,5,100,0
fde,xpt1,100,18,0.15,5,100,0,100,0
fde,xpt1,100,19,0.15,5,100,0,100,0
fde,xpt1,100,20,0.15,5,99,1,100,0
fde,xpt1,100,1,0.15,6,95,5,100,0
fde,xpt1,100,2,0.15,6,100,0,100,0
fde,xpt1,100,3,0.15,6,100,0,100,0
fde,xpt1,100,4,0.15,6,97,3,100,0
fde,xpt1,100,5,0.15,6,100,0,100,0
fde,xpt1,100,6,0.15,6,98,2,100,0
fde,xpt1,100,7,0.15,6,95,5,100,0
fde,xpt1,100,8,0.15,6,98,2,100,0
fde,xpt1,100,9,0.15,6,97,3,100,0
fde,xpt1,100,10,0.15,6,100,0,100,0
fde,xpt1,100,11,0.15,6,100,0,100,0
fde,xpt1,100,12,0.15,6,100,0,100,0
fde,xpt1,100,13,0.15,6,100,0,100,0
fde,xpt1,100,14,0.15,6,100,0,100,0
fde,xpt1,100,15,0.15,6,100,0,100,0
fde,xpt1,100,16,0.15,6,100,0,100,0
fde,xpt1,100,17,0.15,6,100,0,100,0
fde,xpt1,100,18,0.15,6,100,0,100,0
fde,xpt1,100,19,0.15,6,100,0,100,0
fde,xpt1,100,20,0.15,6,99,1,100,0
fde,xpt1,100,1,0.15,7,100,0,100,0
fde,xpt1,100,2,0.15,7,100,0,100,0
fde,xpt1,100,3,0.15,7,96,4,100,0
fde,xpt1,100,4,0.15,7,98,2,100,0
fde,xpt1,100,5,0.15,7,97,3,100,0
fde,xpt1,100,6,0.15,7,100,0,100,0
fde,xpt1,100,7,0.15,7,99,1,100,0
fde,xpt1,100,8,0.15,7,96,4,100,0
fde,xpt1,100,9,0.15,7,100,0,100,0
fde,xpt1,100,10,0.15,7,97,3,100,0
fde,xpt1,100,11,0.15,7,97,3,100,0
fde,xpt1,100,12,0.15,7,100,0,100,0
fde,xpt1,100,13,0.15,7,100,0,100,0
fde,xpt1,100,14,0.15,7,100,0,100,0
fde,xpt1,100,15,0.15,7,100,0,100,0
fde,xpt1,100,16,0.15,7,99,1,100,0
fde,xpt1,100,17,0.15,7,98,2,100,0
fde,xpt1,100,18,0.15,7,97,3,100,0
fde,xpt1,100,19,0.15,7,95,5,100,0
fde,xpt1,100,20,0.15,7,95,5,100,0
fde,xpt1,100,1,0.15,8,94,6,100,0
fde,xpt1,100,2,0.15,8,97,3,100,0
fde,xpt1,100,3,0.15,8,100,0,100,0
fde,xpt1,100,4,0.15,8,100,0,100,0
fde,xpt1,100,5,0.15,8,95,5,100,0
fde,xpt1,100,6,0.15,8,100,0,100,0
fde,xpt1,100,7,0.15,8,99,1,100,0
fde,xpt1,100,8,0.15,8,100,0,100,0
fde,xpt1,100,9,0.15,8,100,0,100,0
fde,xpt1,100,10,0.15,8,100,0,100,0
fde,xpt1,100,11,0.15,8,100,0,100,0
fde,xpt1,100,12,0.15,8,96,4,100,0
fde,xpt1,100,13,0.15,8,100,0,100,0
fde,xpt1,100,14,0.15,8,100,0,100,0
fde,xpt1,100,15,0.15,8,100,0,100,0
fde,xpt1,100,16,0.15,8,99,1,100,0
fde,xpt1,100,17,0.15,8,98,2,100,0
fde,xpt1,100,18,0.15,8,96,4,100,0
fde,xpt1,100,19,0.15,8,100,0,100,0
fde,xpt1,100,20,0.15,8,100,0,100,0
fde,xpt1,100,1,0.15,9,100,0,100,0
fde,xpt1,100,2,0.15,9,99,1,100,0
fde,xpt1,100,3,0.15,9,100,0,100,0
fde,xpt1,100,4,0.15,9,100,0,100,0
fde,xpt1,100,5,0.15,9,95,5,100,0
fde,xpt1,100,6,0.15,9,98,2,100,0
fde,xpt1,100,7,0.15,9,100,0,100,0
fde,xpt1,100,8,0.15,9,93,7,100,0
fde,xpt1,100,9,0.15,9,99,1,100,0
fde,xpt1,100,10,0.15,9,96,4,100,0
fde,xpt1,100,11,0.15,9,100,0,100,0
fde,xpt1,100,12,0.15,9,100,0,100,0
fde,xpt1,100,13,0.15,9,100,0,100,0
fde,xpt1,100,14,0.15,9,100,0,100,0
fde,xpt1,100,15,0.15,9,100,0,100,0
fde,xpt1,100,16,0.15,9,100,0,100,0
fde,xpt1,100,17,0.15,9,100,0,100,0
fde,xpt1,100,18,0.15,9,100,0,100,0
fde,xpt1,100,19,0.15,9,100,0,100,0
fde,xpt1,100,20,0.15,9,100,0,100,0
fde,xpt1,100,1,0.2,0,1,99,100,0
fde,xpt1,100,2,0.2,0,1,99,100,0
fde,xpt1,100,3,0.2,0,1,99,100,0
fde,xpt1,100,4,0.2,0,1,99,100,0
fde,xpt1,100,5,0.2,0,1,99,100,0
fde,xpt1,100,6,0.2,0,1,99,100,0
fde,xpt1,100,7,0.2,0,1,99,100,0
fde,xpt1,100,8,0.2,0,1,99,100,0
fde,xpt1,100,9,0.2,0,1,99,100,0
fde,xpt1,100,10,0.2,0,1,99,100,0
fde,xpt1,100,11,0.2,0,1,99,100,0
fde,xpt1,100,12,0.2,0,1,99,100,0
fde,xpt1,100,13,0.2,0,1,99,100,0
fde,xpt1,100,14,0.2,0,1,99,100,0
fde,xpt1,100,15,0.2,0,1,99,100,0
fde,xpt1,100,16,0.2,0,1,99,100,0
fde,xpt1,100,17,0.2,0,1,99,100,0
fde,xpt1,100,18,0.2,0,1,99,100,0
fde,xpt1,100,19,0.2,0,1,99,100,0
fde,xpt1,100,20,0.2,0,1,99,100,0
fde,xpt1,100,1,0.2,1,47,53,100,0
fde,xpt1,100,2,0.2,1,4,96,100,0
fde,xpt1,100,3,0.2,1,4,96,100,0
fde,xpt1,100,4,0.2,1,4,96,100,0
fde,xpt1,100,5,0.2,1,3,97,100,0
fde,xpt1,100,6,0.2,1,42,58,100,0
fde,xpt1,100,7,0.2,1,3,97,100,0
fde,xpt1,100,8,0.2,1,4,96,100,0
fde,xpt1,100,9,0.2,1,11,89,100,0
fde,xpt1,100,10,0.2,1,3,97,100,0
fde,xpt1,100,11,0.2,1,3,97,100,0
fde,xpt1,100,12,0.2,1,6,94,100,0
fde,xpt1,100,13,0.2,1,4,96,100,0
fde,xpt1,100,14,0.2,1,3,97,100,0
fde,xpt1,100,15,0.2,1,3,97,100,0
fde,xpt1,100,16,0.2,1,43,57,100,0
fde,xpt1,100,17,0.2,1,3,97,100,0
fde,xpt1,100,18,0.2,1,42,58,100,0
fde,xpt1,100,19,0.2,1,6,94,100,0
fde,xpt1,100,20,0.2,1,4,96,100,0
fde,xpt1,100,1,0.2,2,47,53,100,0
fde,xpt1,100,2,0.2,2,69,31,100,0
fde,xpt1,100,3,0.2,2,56,44,100,0
fde,xpt1,100,4,0.2,2,59,41,100,0
fde,xpt1,100,5,0.2,2,46,54,100,0
fde,xpt1,100,6,0.2,2,44,56,100,0
fde,xpt1,100,7,0.2,2,48,52,100,0
fde,xpt1,100,8,0.2,2,65,35,100,0
fde,xpt1,100,9,0.2,2,55,45,100,0
fde,xpt1,100,10,0.2,2,61,39,100,0
fde,xpt1,100,11,0.2,2,64,36,100,0
fde,xpt1,100,12,0.2,2,63,37,100,0
fde,xpt1,100,13,0.2,2,61,39,100,0
fde,xpt1,100,14,0.2,2,70,30,100,0
fde,xpt1,100,15,0.2,2,52,48,100,0
fde,xpt1,100,16,0.2,2,53,47,100,0
fde,xpt1,100,17,0.2,2,58,42,100,0
fde,xpt1,100,18,0.2,2,55,45,100,0
fde,xpt1,100,19,0.2,2,53,47,100,0
fde,xpt1,100,20,0.2,2,4,96,100,0
fde,xpt1,100,1,0.2,3,100,0,100,0
fde,xpt1,100,2,0.2,3,100,0,100,0
fde,xpt1,100,3,0.2,3,100,0,100,0
fde,xpt1,100,4,0.2,3,68,32,100,0
fde,xpt1,100,5,0.2,3,100,0,100,0
fde,xpt1,100,6,0.2,3,99,1,100,0
fde,xpt1,100,7,0.2,3,100,0,100,0
fde,xpt1,100,8,0.2,3,99,1,100,0
fde,xpt1,100,9,0.2,3,97,3,100,0
fde,xpt1,100,10,0.2,3,100,0,100,0
fde,xpt1,100,11,0.2,3,100,0,100,0
fde,xpt1,100,12,0.2,3,100,0,100,0
fde,xpt1,100,13,0.2,3,97,3,100,0
fde,xpt1,100,14,0.2,3,100,0,100,0
fde,xpt1,100,15,0.2,3,100,0,100,0
fde,xpt1,100,16,0.2,3,100,0,100,0
fde,xpt1,100,17,0.2,3,100,0,100,0
fde,xpt1,100,18,0.2,3,96,4,100,0
fde,xpt1,100,19,0.2,3,100,0,100,0
fde,xpt1,100,20,0.2,3,100,0,100,0
fde,xpt1,100,1,0.2,4,100,0,100,0
fde,xpt1,100,2,0.2,4,99,1,100,0
fde,xpt1,100,3,0.2,4,100,0,100,0
fde,xpt1,100,4,0.2,4,100,0,100,0
fde,xpt1,100,5,0.2,4,100,0,100,0
fde,xpt1,100,6,0.2,4,100,0,100,0
fde,xpt1,100,7,0.2,4,100,0,100,0
fde,xpt1,100,8,0.2,4,95,5,100,0
fde,xpt1,100,9,0.2,4,100,0,100,0
fde,xpt1,100,10,0.2,4,100,0,100,0
fde,xpt1,100,11,0.2,4,100,0,100,0
fde,xpt1,100,12,0.2,4,100,0,100,0
fde,xpt1,100,13,0.2,4,96,4,100,0
fde,xpt1,100,14,0.2,4,95,5,100,0
fde,xpt1,100,15,0.2,4,100,0,100,0
fde,xpt1,100,16,0.2,4,100,0,100,0
fde,xpt1,100,17,0.2,4,97,3,100,0
fde,xpt1,100,18,0.2,4,95,5,100,0
fde,xpt1,100,19,0.2,4,96,4,100,0
fde,xpt1,100,20,0.2,4,100,0,100,0
fde,xpt1,100,1,0.2,5,100,0,100,0
fde,xpt1,100,2,0.2,5,99,1,100,0
fde,xpt1,100,3,0.2,5,100,0,100,0
fde,xpt1,100,4,0.2,5,100,0,100,0
fde,xpt1,100,5,0.2,5,100,0,100,0
fde,xpt1,100,6,0.2,5,96,4,100,0
fde,xpt1,100,7,0.2,5,99,1,100,0
fde,xpt1,100,8,0.2,5,95,5,100,0
fde,xpt1,100,9,0.2,5,98,2,100,0
fde,xpt1,100,10,0.2,5,100,0,100,0
fde,xpt1,100,11,0.2,5,100,0,100,0
fde,xpt1,100,12,0.2,5,100,0,100,0
fde,xpt1,100,13,0.2,5,98,2,100,0
fde,xpt1,100,14,0.2,5,100,0,100,0
fde,xpt1,100,15,0.2,5,94,6,100,0
fde,xpt1,100,16,0.2,5,100,0,100,0
fde,xpt1,100,17,0.2,5,100,0,100,0
fde,xpt1,100,18,0.2,5,99,1,100,0
fde,xpt1,100,19,0.2,5,97,3,100,0
fde,xpt1,100,20,0.2,5,100,0,100,0
fde,xpt1,100,1,0.2,6,94,6,100,0
fde,xpt1,100,2,0.2,6,100,0,100,0
fde,xpt1,100,3,0.2,6,100,0,100,0
fde,xpt1,100,4,0.2,6,99,1,100,0
fde,xpt1,100,5,0.2,6,100,0,100,0
fde,xpt1,100,6,0.2,6,100,0,100,0
fde,xpt1,100,7,0.2,6,100,0,100,0
fde,xpt1,100,8,0.2,6,100,0,100,0
fde,xpt1,100,9,0.2,6,95,5,100,0
fde,xpt1,100,10,0.2,6,95,5,100,0
fde,xpt1,100,11,0.2,6,94,6,100,0
fde,xpt1,100,12,0.2,6,100,0,100,0
fde,xpt1,100,13,0.2,6,100,0,100,0
fde,xpt1,100,14,0.2,6,100,0,100,0
fde,xpt1,100,15,0.2,6,98,2,100,0
fde,xpt1,100,16,0.2,6,100,0,100,0
fde,xpt1,100,17,0.2,6,100,0,100,0
fde,xpt1,100,18,0.2,6,100,0,100,0
fde,xpt1,100,19,0.2,6,100,0,100,0
fde,xpt1,100,20,0.2,6,100,0,100,0
fde,xpt1,100,1,0.2,7,96,4,100,0
fde,xpt1,100,2,0.2,7,100,0,100,0
fde,xpt1,100,3,0.2,7,96,4,100,0
fde,xpt1,100,4,0.2,7,100,0,100,0
fde,xpt1,100,5,0.2,7,100,0,100,0
fde,xpt1,100,6,0.2,7,100,0,100,0
fde,xpt1,100,7,0.2,7,96,4,100,0
fde,xpt1,100,8,0.2,7,100,0,100,0
fde,xpt1,100,9,0.2,7,100,0,100,0
fde,xpt1,100,10,0.2,7,96,4,100,0
fde,xpt1,100,11,0.2,7,100,0,100,0
fde,xpt1,100,12,0.2,7,84,16,100,0
fde,xpt1,100,13,0.2,7,100,0,100,0
fde,xpt1,100,14,0.2,7,100,0,100,0
fde,xpt1,100,15,0.2,7,95,5,100,0
fde,xpt1,100,16,0.2,7,100,0,100,0
fde,xpt1,100,17,0.2,7,82,18,100,0
fde,xpt1,100,18,0.2,7,96,4,100,0
fde,xpt1,100,19,0.2,7,98,2,100,0
fde,xpt1,100,20,0.2,7,96,4,100,0
fde,xpt1,100,1,0.2,8,100,0,100,0
fde,xpt1,100,2,0.2,8,97,3,100,0
fde,xpt1,100,3,0.2,8,100,0,100,0
fde,xpt1,100,4,0.2,8,99,1,100,0
fde,xpt1,100,5,0.2,8,94,6,100,0
fde,xpt1,100,6,0.2,8,100,0,100,0
fde,xpt1,100,7,0.2,8,100,0,100,0
fde,xpt1,100,8,0.2,8,98,2,100,0
fde,xpt1,100,9,0.2,8,93,7,100,0
fde,xpt1,100,10,0.2,8,100,0,100,0
fde,xpt1,100,11,0.2,8,100,0,100,0
fde,xpt1,100,12,0.2,8,94,6,100,0
fde,xpt1,100,13,0.2,8,100,0,100,0
fde,xpt1,100,14,0.2,8,94,6,100,0
fde,xpt1,100,15,0.2,8,100,0,100,0
fde,xpt1,100,16,0.2,8,100,0,100,0
fde,xpt1,100,17,0.2,8,100,0,100,0
fde,xpt1,100,18,0.2,8,95,5,100,0
fde,xpt1,100,19,0.2,8,98,2,100,0
fde,xpt1,100,20,0.2,8,99,1,100,0
fde,xpt1,100,1,0.2,9,94,6,100,0
fde,xpt1,100,2,0.2,9,100,0,100,0
fde,xpt1,100,3,0.2,9,100,0,100,0
fde,xpt1,100,4,0.2,9,100,0,100,0
fde,xpt1,100,5,0.2,9,100,0,100,0
fde,xpt1,100,6,0.2,9,93,7,100,0
fde,xpt1,100,7,0.2,9,100,0,100,0
fde,xpt1,100,8,0.2,9,100,0,100,0
fde,xpt1,100,9,0.2,9,98,2,100,0
fde,xpt1,100,10,0.2,9,98,2,100,0
fde,xpt1,100,11,0.2,9,100,0,100,0
fde,xpt1,100,12,0.2,9,100,0,100,0
fde,xpt1,100,13,0.2,9,97,3,100,0
fde,xpt1,100,14,0.2,9,100,0,100,0
fde,xpt1,100,15,0.2,9,100,0,100,0
fde,xpt1,100,16,0.2,9,100,0,100,0
fde,xpt1,100,17,0.2,9,100,0,100,0
fde,xpt1,100,18,0.2,9,100,0,100,0
fde,xpt1,100,19,0.2,9,93,7,100,0
fde,xpt1,100,20,0.2,9,100,0,100,0
fde,xpt1,100,1,0.25,0,1,99,100,0
fde,xpt1,100,2,0.25,0,1,99,100,0
fde,xpt1,100,3,0.25,0,1,99,100,0
fde,xpt1,100,4,0.25,0,1,99,100,0
fde,xpt1,100,5,0.25,0,1,99,100,0
fde,xpt1,100,6,0.25,0,1,99,100,0
fde,xpt1,100,7,0.25,0,1,99,100,0
fde,xpt1,100,8,0.25,0,1,99,100,0
fde,xpt1,100,9,0.25,0,1,99,100,0
fde,xpt1,100,10,0.25,0,1,99,100,0
fde,xpt1,100,11,0.25,0,1,99,100,0
fde,xpt1,100,12,0.25,0,1,99,100,0
fde,xpt1,100,13,0.25,0,1,99,100,0
fde,xpt1,100,14,0.25,0,1,99,100,0
fde,xpt1,100,15,0.25,0,1,99,100,0
fde,xpt1,100,16,0.25,0,1,99,100,0
fde,xpt1,100,17,0.25,0,1,99,100,0
fde,xpt1,100,18,0.25,0,1,99,100,0
fde,xpt1,100,19,0.25,0,1,99,100,0
fde,xpt1,100,20,0.25,0,1,99,100,0
fde,xpt1,100,1,0.25,1,3,97,100,0
fde,xpt1,100,2,0.25,1,3,97,100,0
fde,xpt1,100,3,0.25,1,3,97,100,0
fde,xpt1,100,4,0.25,1,3,97,100,0
fde,xpt1,100,5,0.25,1,3,97,100,0
fde,xpt1,100,6,0.25,1,3,97,100,0
fde,xpt1,100,7,0.25,1,3,97,100,0
fde,xpt1,100,8,0.25,1,3,97,100,0
fde,xpt1,100,9,0.25,1,3,97,100,0
fde,xpt1,100,10,0.25,1,3,97,100,0
fde,xpt1,100,11,0.25,1,3,97,100,0
fde,xpt1,100,12,0.25,1,3,97,100,0
fde,xpt1,100,13,0.25,1,3,97,100,0
fde,xpt1,100,14,0.25,1,3,97,100,0
fde,xpt1,100,15,0.25,1,3,97,100,0
fde,xpt1,100,16,0.25,1,3,97,100,0
fde,xpt1,100,17,0.25,1,3,97,100,0
fde,xpt1,100,18,0.25,1,3,97,100,0
fde,xpt1,100,19,0.25,1,3,97,100,0
fde,xpt1,100,20,0.25,1,3,97,100,0
fde,xpt1,100,1,0.25,2,11,89,100,0
fde,xpt1,100,2,0.25,2,4,96,100,0
fde,xpt1,100,3,0.25,2,4,96,100,0
fde,xpt1,100,4,0.25,2,6,94,100,0
fde,xpt1,100,5,0.25,2,4,96,100,0
fde,xpt1,100,6,0.25,2,6,94,100,0
fde,xpt1,100,7,0.25,2,4,96,100,0
fde,xpt1,100,8,0.25,2,6,94,100,0
fde,xpt1,100,9,0.25,2,9,91,100,0
fde,xpt1,100,10,0.25,2,3,97,100,0
fde,xpt1,100,11,0.25,2,39,61,100,0
fde,xpt1,100,12,0.25,2,4,96,100,0
fde,xpt1,100,13,0.25,2,4,96,100,0
fde,xpt1,100,14,0.25,2,6,94,100,0
fde,xpt1,100,15,0.25,2,4,96,100,0
fde,xpt1,100,16,0.25,2,37,63,100,0
fde,xpt1,100,17,0.25,2,34,66,100,0
fde,xpt1,100,18,0.25,2,41,59,100,0
fde,xpt1,100,19,0.25,2,6,94,100,0
fde,xpt1,100,20,0.25,2,4,96,100,0
fde,xpt1,100,1,0.25,3,42,58,100,0
fde,xpt1,100,2,0.25,3,53,47,100,0
fde,xpt1,100,3,0.25,3,84,16,100,0
fde,xpt1,100,4,0.25,3,45,55,100,0
fde,xpt1,100,5,0.25,3,49,51,100,0
fde,xpt1,100,6,0.25,3,53,47,100,0
fde,xpt1,100,7,0.25,3,93,7,100,0
fde,xpt1,100,8,0.25,3,71,29,100,0
fde,xpt1,100,9,0.25,3,71,29,100,0
fde,xpt1,100,10,0.25,3,51,49,100,0
fde,xpt1,100,11,0.25,3,82,18,100,0
fde,xpt1,100,12,0.25,3,54,46,100,0
fde,xpt1,100,13,0.25,3,67,33,100,0
fde,xpt1,100,14,0.25,3,86,14,100,0
fde,xpt1,100,15,0.25,3,85,15,100,0
fde,xpt1,100,16,0.25,3,96,4,100,0
fde,xpt1,100,17,0.25,3,52,48,100,0
fde,xpt1,100,18,0.25,3,90,10,100,0
fde,xpt1,100,19,0.25,3,82,18,100,0
fde,xpt1,100,20,0.25,3,57,43,100,0
fde,xpt1,100,1,0.25,4,100,0,100,0
fde,xpt1,100,2,0.25,4,93,7,100,0
fde,xpt1,100,3,0.25,4,98,2,100,0
fde,xpt1,100,4,0.25,4,100,0,100,0
fde,xpt1,100,5,0.25,4,93,7,100,0
fde,xpt1,100,6,0.25,4,99,1,100,0
fde,xpt1,100,7,0.25,4,100,0,100,0
fde,xpt1,100,8,0.25,4,100,0,100,0
fde,xpt1,100,9,0.25,4,99,1,100,0
fde,xpt1,100,10,0.25,4,91,9,100,0
fde,xpt1,100,11,0.25,4,99,1,100,0
fde,xpt1,100,12,0.25,4,100,0,100,0
fde,xpt1,100,13,0.25,4,99,1,100,0
fde,xpt1,100,14,0.25,4,100,0,100,0
fde,xpt1,100,15,0.25,4,96,4,100,0
fde,xpt1,100,16,0.25,4,98,2,100,0
fde,xpt1,100,17,0.25,4,100,0,100,0
fde,xpt1,100,18,0.25,4,98,2,100,0
fde,xpt1,100,19,0.25,4,99,1,100,0
fde,xpt1,100,20,0.25,4,94,6,100,0
fde,xpt1,100,1,0.25,5,100,0,100,0
fde,xpt1,100,2,0.25,5,100,0,100,0
fde,xpt1,100,3,0.25,5,100,0,100,0
fde,xpt1,100,4,0.25,5,100,0,100,0
fde,xpt1,100,5,0.25,5,100,0,100,0
fde,xpt1,100,6,0.25,5,99,1,100,0
fde,xpt1,100,7,0.25,5,100,0,100,0
fde,xpt1,100,8,0.25,5,100,0,100,0
fde,xpt1,100,9,0.25,5,99,1,100,0
fde,xpt1,100,10,0.25,5,100,0,100,0
fde,xpt1,100,11,0.25,5,100,0,100,0
fde,xpt1,100,12,0.25,5,100,0,100,0
fde,xpt1,100,13,0.25,5,98,2,100,0
fde,xpt1,100,14,0.25,5,100,0,100,0
fde,xpt1,100,15,0.25,5,99,1,100,0
fde,xpt1,100,16,0.25,5,98,2,100,0
fde,xpt1,100,17,0.25,5,98,2,100,0
fde,xpt1,100,18,0.25,5,100,0,100,0
fde,xpt1,100,19,0.25,5,100,0,100,0
fde,xpt1,100,20,0.25,5,100,0,100,0
fde,xpt1,100,1,0.25,6,100,0,100,0
fde,xpt1,100,2,0.25,6,81,19,100,0
fde,xpt1,100,3,0.25,6,97,3,100,0
fde,xpt1,100,4,0.25,6,99,1,100,0
fde,xpt1,100,5,0.25,6,100,0,100,0
fde,xpt1,100,6,0.25,6,100,0,100,0
fde,xpt1,100,7,0.25,6,100,0,100,0
fde,xpt1,100,8,0.25,6,100,0,100,0
fde,xpt1,100,9,0.25,6,100,0,100,0
fde,xpt1,100,10,0.25,6,100,0,100,0
fde,xpt1,100,11,0.25,6,100,0,100,0
fde,xpt1,100,12,0.25,6,100,0,100,0
fde,xpt1,100,13,0.25,6,95,5,100,0
fde,xpt1,100,14,0.25,6,100,0,100,0
fde,xpt1,100,15,0.25,6,96,4,100,0
fde,xpt1,100,16,0.25,6,100,0,100,0
fde,xpt1,100,17,0.25,6,95,5,100,0
fde,xpt1,100,18,0.25,6,100,0,100,0
fde,xpt1,100,19,0.25,6,97,3,100,0
fde,xpt1,100,20,0.25,6,95,5,100,0
fde,xpt1,100,1,0.25,7,100,0,100,0
fde,xpt1,100,2,0.25,7,100,0,100,0
fde,xpt1,100,3,0.25,7,100,0,100,0
fde,xpt1,100,4,0.25,7,100,0,100,0
fde,xpt1,100,5,0.25,7,100,0,100,0
fde,xpt1,100,6,0.25,7,100,0,100,0
fde,xpt1,100,7,0.25,7,96,4,100,0
fde,xpt1,100,8,0.25,7,97,3,100,0
fde,xpt1,100,9,0.25,7,99,1,100,0
fde,xpt1,100,10,0.25,7,100,0,100,0
fde,xpt1,100,11,0.25,7,100,0,100,0
fde,xpt1,100,12,0.25,7,100,0,100,0
fde,xpt1,100,13,0.25,7,100,0,100,0
fde,xpt1,100,14,0.25,7,100,0,100,0
fde,xpt1,100,15,0.25,7,100,0,100,0
fde,xpt1,100,16,0.25,7,96,4,100,0
fde,xpt1,100,17,0.25,7,100,0,100,0
fde,xpt1,100,18,0.25,7,100,0,100,0
fde,xpt1,100,19,0.25,7,100,0,100,0
fde,xpt1,100,20,0.25,7,100,0,100,0
fde,xpt1,100,1,0.25,8,100,0,100,0
fde,xpt1,100,2,0.25,8,100,0,100,0
fde,xpt1,100,3,0.25,8,100,0,100,0
fde,xpt1,100,4,0.25,8,100,0,100,0
fde,xpt1,100,5,0.25,8,100,0,100,0
fde,xpt1,100,6,0.25,8,100,0,100,0
fde,xpt1,100,7,0.25,8,96,4,100,0
fde,xpt1,100,8,0.25,8,100,0,100,0
fde,xpt1,100,9,0.25,8,98,2,100,0
fde,xpt1,100,10,0.25,8,100,0,100,0
fde,xpt1,100,11,0.25,8,100,0,100,0
fde,xpt1,100,12,0.25,8,95,5,100,0
fde,xpt1,100,13,0.25,8,100,0,100,0
fde,xpt1,100,14,0.25,8,100,0,100,0
fde,xpt1,100,15,0.25,8,100,0,100,0
fde,xpt1,100,16,0.25,8,100,0,100,0
fde,xpt1,100,17,0.25,8,100,0,100,0
fde,xpt1,100,18,0.25,8,100,0,100,0
fde,xpt1,100,19,0.25,8,100,0,100,0
fde,xpt1,100,20,0.25,8,100,0,100,0
fde,xpt1,100,1,0.25,9,94,6,100,0
fde,xpt1,100,2,0.25,9,100,0,100,0
fde,xpt1,100,3,0.25,9,97,3,100,0
fde,xpt1,100,4,0.25,9,95,5,100,0
fde,xpt1,100,5,0.25,9,95,5,100,0
fde,xpt1,100,6,0.25,9,100,0,100,0
fde,xpt1,100,7,0.25,9,95,5,100,0
fde,xpt1,100,8,0.25,9,100,0,100,0
fde,xpt1,100,9,0.25,9,100,0,100,0
fde,xpt1,100,10,0.25,9,96,4,100,0
fde,xpt1,100,11,0.25,9,98,2,100,0
fde,xpt1,100,12,0.25,9,95,5,100,0
fde,xpt1,100,13,0.25,9,100,0,100,0
fde,xpt1,100,14,0.25,9,100,0,100,0
fde,xpt1,100,15,0.25,9,100,0,100,0
fde,xpt1,100,16,0.25,9,93,7,100,0
fde,xpt1,100,17,0.25,9,100,0,100,0
fde,xpt1,100,18,0.25,9,100,0,100,0
fde,xpt1,100,19,0.25,9,99,1,100,0
fde,xpt1,100,20,0.25,9,100,0,100,0
fde,xpt1,100,1,0.3,0,2,98,100,0
fde,xpt1,100,2,0.3,0,2,98,100,0
fde,xpt1,100,3,0.3,0,2,98,100,0
fde,xpt1,100,4,0.3,0,2,98,100,0
fde,xpt1,100,5,0.3,0,2,98,100,0
fde,xpt1,100,6,0.3,0,2,98,100,0
fde,xpt1,100,7,0.3,0,2,98,100,0
fde,xpt1,100,8,0.3,0,2,98,100,0
fde,xpt1,100,9,0.3,0,2,98,100,0
fde,xpt1,100,10,0.3,0,2,98,100,0
fde,xpt1,100,11,0.3,0,2,98,100,0
fde,xpt1,100,12,0.3,0,2,98,100,0
fde,xpt1,100,13,0.3,0,2,98,100,0
fde,xpt1,100,14,0.3,0,2,98,100,0
fde,xpt1,100,15,0.3,0,2,98,100,0
fde,xpt1,100,16,0.3,0,2,98,100,0
fde,xpt1,100,17,0.3,0,2,98,100,0
fde,xpt1,100,18,0.3,0,2,98,100,0
fde,xpt1,100,19,0.3,0,2,98,100,0
fde,xpt1,100,20,0.3,0,2,98,100,0
fde,xpt1,100,1,0.3,1,3,97,100,0
fde,xpt1,100,2,0.3,1,3,97,100,0
fde,xpt1,100,3,0.3,1,3,97,100,0
fde,xpt1,100,4,0.3,1,3,97,100,0
fde,xpt1,100,5,0.3,1,3,97,100,0
fde,xpt1,100,6,0.3,1,3,97,100,0
fde,xpt1,100,7,0.3,1,3,97,100,0
fde,xpt1,100,8,0.3,1,3,97,100,0
fde,xpt1,100,9,0.3,1,3,97,100,0
fde,xpt1,100,10,0.3,1,3,97,100,0
fde,xpt1,100,11,0.3,1,3,97,100,0
fde,xpt1,100,12,0.3,1,3,97,100,0
fde,xpt1,100,13,0.3,1,3,97,100,0
fde,xpt1,100,14,0.3,1,3,97,100,0
fde,xpt1,100,15,0.3,1,3,97,100,0
fde,xpt1,100,16,0.3,1,3,97,100,0
fde,xpt1,100,17,0.3,1,3,97,100,0
fde,xpt1,100,18,0.3,1,3,97,100,0
fde,xpt1,100,19,0.3,1,3,97,100,0
fde,xpt1,100,20,0.3,1,3,97,100,0
fde,xpt1,100,1,0.3,2,3,97,100,0
fde,xpt1,100,2,0.3,2,3,97,100,0
fde,xpt1,100,3,0.3,2,3,97,100,0
fde,xpt1,100,4,0.3,2,4,96,100,0
fde,xpt1,100,5,0.3,2,3,97,100,0
fde,xpt1,100,6,0.3,2,3,97,100,0
fde,xpt1,100,7,0.3,2,4,96,100,0
fde,xpt1,100,8,0.3,2,3,97,100,0
fde,xpt1,100,9,0.3,2,6,94,100,0
fde,xpt1,100,10,0.3,2,3,97,100,0
fde,xpt1,100,11,0.3,2,3,97,100,0
fde,xpt1,100,12,0.3,2,3,97,100,0
fde,xpt1,100,13,0.3,2,4,96,100,0
fde,xpt1,100,14,0.3,2,3,97,100,0
fde,xpt1,100,15,0.3,2,3,97,100,0
fde,xpt1,100,16,0.3,2,3,97,100,0
fde,xpt1,100,17,0.3,2,3,97,100,0
fde,xpt1,100,18,0.3,2,3,97,100,0
fde,xpt1,100,19,0.3,2,3,97,100,0
fde,xpt1,100,20,0.3,2,3,97,100,0
fde,xpt1,100,1,0.3,3,4,96,100,0
fde,xpt1,100,2,0.3,3,6,94,100,0
fde,xpt1,100,3,0.3,3,36,64,100,0
fde,xpt1,100,4,0.3,3,45,55,100,0
fde,xpt1,100,5,0.3,3,6,94,100,0
fde,xpt1,100,6,0.3,3,32,68,100,0
fde,xpt1,100,7,0.3,3,32,68,100,0
fde,xpt1,100,8,0.3,3,37,63,100,0
fde,xpt1,100,9,0.3,3,38,62,100,0
fde,xpt1,100,10,0.3,3,4,96,100,0
fde,xpt1,100,11,0.3,3,35,65,100,0
fde,xpt1,100,12,0.3,3,43,57,100,0
fde,xpt1,100,13,0.3,3,49,51,100,0
fde,xpt1,100,14,0.3,3,4,96,100,0
fde,xpt1,100,15,0.3,3,6,94,100,0
fde,xpt1,100,16,0.3,3,4,96,100,0
fde,xpt1,100,17,0.3,3,6,94,100,0
fde,xpt1,100,18,0.3,3,3,97,100,0
fde,xpt1,100,19,0.3,3,7,93,100,0
fde,xpt1,100,20,0.3,3,4,96,100,0
fde,xpt1,100,1,0.3,4,94,6,100,0
fde,xpt1,100,2,0.3,4,40,60,100,0
fde,xpt1,100,3,0.3,4,73,27,100,0
fde,xpt1,100,4,0.3,4,70,30,100,0
fde,xpt1,100,5,0.3,4,67,33,100,0
fde,xpt1,100,6,0.3,4,77,23,100,0
fde,xpt1,100,7,0.3,4,75,25,100,0
fde,xpt1,100,8,0.3,4,81,19,100,0
fde,xpt1,100,9,0.3,4,62,38,100,0
fde,xpt1,100,10,0.3,4,73,27,100,0
fde,xpt1,100,11,0.3,4,50,50,100,0
fde,xpt1,100,12,0.3,4,62,38,100,0
fde,xpt1,100,13,0.3,4,63,37,100,0
fde,xpt1,100,14,0.3,4,63,37,100,0
fde,xpt1,100,15,0.3,4,86,14,100,0
fde,xpt1,100,16,0.3,4,100,0,100,0
fde,xpt1,100,17,0.3,4,73,27,100,0
fde,xpt1,100,18,0.3,4,96,4,100,0
fde,xpt1,100,19,0.3,4,89,11,100,0
fde,xpt1,100,20,0.3,4,51,49,100,0
fde,xpt1,100,1,0.3,5,99,1,100,0
fde,xpt1,100,2,0.3,5,100,0,100,0
fde,xpt1,100,3,0.3,5,100,0,100,0
fde,xpt1,100,4,0.3,5,100,0,100,0
fde,xpt1,100,5,0.3,5,100,0,100,0
fde,xpt1,100,6,0.3,5,100,0,100,0
fde,xpt1,100,7,0.3,5,96,4,100,0
fde,xpt1,100,8,0.3,5,100,0,100,0
fde,xpt1,100,9,0.3,5,100,0,100,0
fde,xpt1,100,10,0.3,5,99,1,100,0
fde,xpt1,100,11,0.3,5,100,0,100,0
fde,xpt1,100,12,0.3,5,100,0,100,0
fde,xpt1,100,13,0.3,5,100,0,100,0
fde,xpt1,100,14,0.3,5,100,0,100,0
fde,xpt1,100,15,0.3,5,100,0,100,0
fde,xpt1,100,16,0.3,5,99,1,100,0
fde,xpt1,100,17,0.3,5,100,0,100,0
fde,xpt1,100,18,0.3,5,100,0,100,0
fde,xpt1,100,19,0.3,5,100,0,100,0
fde,xpt1,100,20,0.3,5,100,0,100,0
fde,xpt1,100,1,0.3,6,100,0,100,0
fde,xpt1,100,2,0.3,6,100,0,100,0
fde,xpt1,100,3,0.3,6,100,0,100,0
fde,xpt1,100,4,0.3,6,100,0,100,0
fde,xpt1,100,5,0.3,6,100,0,100,0
fde,xpt1,100,6,0.3,6,95,5,100,0
fde,xpt1,100,7,0.3,6,99,1,100,0
fde,xpt1,100,8,0.3,6,100,0,100,0
fde,xpt1,100,9,0.3,6,100,0,100,0
fde,xpt1,100,10,0.3,6,100,0,100,0
fde,xpt1,100,11,0.3,6,100,0,100,0
fde,xpt1,100,12,0.3,6,100,0,100,0
fde,xpt1,100,13,0.3,6,100,0,100,0
fde,xpt1,100,14,0.3,6,100,0,100,0
fde,xpt1,100,15,0.3,6,100,0,100,0
fde,xpt1,100,16,0.3,6,100,0,100,0
fde,xpt1,100,17,0.3,6,100,0,100,0
fde,xpt1,100,18,0.3,6,96,4,100,0
fde,xpt1,100,19,0.3,6,96,4,100,0
fde,xpt1,100,20,0.3,6,100,0,100,0
fde,xpt1,100,1,0.3,7,99,1,100,0
fde,xpt1,100,2,0.3,7,97,3,100,0
fde,xpt1,100,3,0.3,7,100,0,100,0
fde,xpt1,100,4,0.3,7,100,0,100,0
fde,xpt1,100,5,0.3,7,98,2,100,0
fde,xpt1,100,6,0.3,7,100,0,100,0
fde,xpt1,100,7,0.3,7,100,0,100,0
fde,xpt1,100,8,0.3,7,99,1,100,0
fde,xpt1,100,9,0.3,7,100,0,100,0
fde,xpt1,100,10,0.3,7,99,1,100,0
fde,xpt1,100,11,0.3,7,99,1,100,0
fde,xpt1,100,12,0.3,7,100,0,100,0
fde,xpt1,100,13,0.3,7,100,0,100,0
fde,xpt1,100,14,0.3,7,100,0,100,0
fde,xpt1,100,15,0.3,7,100,0,100,0
fde,xpt1,100,16,0.3,7,100,0,100,0
fde,xpt1,100,17,0.3,7,100,0,100,0
fde,xpt1,100,18,0.3,7,100,0,100,0
fde,xpt1,100,19,0.3,7,100,0,100,0
fde,xpt1,100,20,0.3,7,99,1,100,0
fde,xpt1,100,1,0.3,8,96,4,100,0
fde,xpt1,100,2,0.3,8,100,0,100,0
fde,xpt1,100,3,0.3,8,100,0,100,0
fde,xpt1,100,4,0.3,8,98,2,100,0
fde,xpt1,100,5,0.3,8,100,0,100,0
fde,xpt1,100,6,0.3,8,100,0,100,0
fde,xpt1,100,7,0.3,8,95,5,100,0
fde,xpt1,100,8,0.3,8,100,0,100,0
fde,xpt1,100,9,0.3,8,93,7,100,0
fde,xpt1,100,10,0.3,8,95,5,100,0
fde,xpt1,100,11,0.3,8,98,2,100,0
fde,xpt1,100,12,0.3,8,100,0,100,0
fde,xpt1,100,13,0.3,8,97,3,100,0
fde,xpt1,100,14,0.3,8,98,2,100,0
fde,xpt1,100,15,0.3,8,96,4,100,0
fde,xpt1,100,16,0.3,8,100,0,100,0
fde,xpt1,100,17,0.3,8,100,0,100,0
fde,xpt1,100,18,0.3,8,100,0,100,0
fde,xpt1,100,19,0.3,8,100,0,100,0
fde,xpt1,100,20,0.3,8,100,0,100,0
fde,xpt1,100,1,0.3,9,100,0,100,0
fde,xpt1,100,2,0.3,9,100,0,100,0
fde,xpt1,100,3,0.3,9,100,0,100,0
fde,xpt1,100,4,0.3,9,100,0,100,0
fde,xpt1,100,5,0.3,9,100,0,100,0
fde,xpt1,100,6,0.3,9,100,0,100,0
fde,xpt1,100,7,0.3,9,100,0,100,0
fde,xpt1,100,8,0.3,9,98,2,100,0
fde,xpt1,100,9,0.3,9,100,0,100,0
fde,xpt1,100,10,0.3,9,95,5,100,0
fde,xpt1,100,11,0.3,9,95,5,100,0
fde,xpt1,100,12,0.3,9,97,3,100,0
fde,xpt1,100,13,0.3,9,98,2,100,0
fde,xpt1,100,14,0.3,9,100,0,100,0
fde,xpt1,100,15,0.3,9,100,0,100,0
fde,xpt1,100,16,0.3,9,97,3,100,0
fde,xpt1,100,17,0.3,9,100,0,100,0
fde,xpt1,100,18,0.3,9,100,0,100,0
fde,xpt1,100,19,0.3,9,95,5,100,0
fde,xpt1,100,20,0.3,9,97,3,100,0
fde,xpt1,100,1,0.35,0,1,99,100,0
fde,xpt1,100,2,0.35,0,1,99,100,0
fde,xpt1,100,3,0.35,0,1,99,100,0
fde,xpt1,100,4,0.35,0,1,99,100,0
fde,xpt1,100,5,0.35,0,1,99,100,0
fde,xpt1,100,6,0.35,0,1,99,100,0
fde,xpt1,100,7,0.35,0,1,99,100,0
fde,xpt1,100,8,0.35,0,1,99,100,0
fde,xpt1,100,9,0.35,0,1,99,100,0
fde,xpt1,100,10,0.35,0,1,99,100,0
fde,xpt1,100,11,0.35,0,1,99,100,0
fde,xpt1,100,12,0.35,0,1,99,100,0
fde,xpt1,100,13,0.35,0,1,99,100,0
fde,xpt1,100,14,0.35,0,1,99,100,0
fde,xpt1,100,15,0.35,0,1,99,100,0
fde,xpt1,100,16,0.35,0,1,99,100,0
fde,xpt1,100,17,0.35,0,1,99,100,0
fde,xpt1,100,18,0.35,0,1,99,100,0
fde,xpt1,100,19,0.35,0,1,99,100,0
fde,xpt1,100,20,0.35,0,1,99,100,0
fde,xpt1,100,1,0.35,1,1,99,100,0
fde,xpt1,100,2,0.35,1,1,99,100,0
fde,xpt1,100,3,0.35,1,1,99,100,0
fde,xpt1,100,4,0.35,1,1,99,100,0
fde,xpt1,100,5,0.35,1,1,99,100,0
fde,xpt1,100,6,0.35,1,1,99,100,0
fde,xpt1,100,7,0.35,1,1,99,100,0
fde,xpt1,100,8,0.35,1,1,99,100,0
fde,xpt1,100,9,0.35,1,1,99,100,0
fde,xpt1,100,10,0.35,1,1,99,100,0
fde,xpt1,100,11,0.35,1,1,99,100,0
fde,xpt1,100,12,0.35,1,1,99,100,0
fde,xpt1,100,13,0.35,1,1,99,100,0
fde,xpt1,100,14,0.35,1,1,99,100,0
fde,xpt1,100,15,0.35,1,1,99,100,0
fde,xpt1,100,16,0.35,1,1,99,100,0
fde,xpt1,100,17,0.35,1,1,99,100,0
fde,xpt1,100,18,0.35,1,1,99,100,0
fde,xpt1,100,19,0.35,1,1,99,100,0
fde,xpt1,100,20,0.35,1,1,99,100,0
fde,xpt1,100,1,0.35,2,3,97,100,0
fde,xpt1,100,2,0.35,2,3,97,100,0
fde,xpt1,100,3,0.35,2,3,97,100,0
fde,xpt1,100,4,0.35,2,3,97,100,0
fde,xpt1,100,5,0.35,2,3,97,100,0
fde,xpt1,100,6,0.35,2,3,97,100,0
fde,xpt1,100,7,0.35,2,3,97,100,0
fde,xpt1,100,8,0.35,2,3,97,100,0
fde,xpt1,100,9,0.35,2,3,97,100,0
fde,xpt1,100,10,0.35,2,3,97,100,0
fde,xpt1,100,11,0.35,2,3,97,100,0
fde,xpt1,100,12,0.35,2,3,97,100,0
fde,xpt1,100,13,0.35,2,3,97,100,0
fde,xpt1,100,14,0.35,2,3,97,100,0
fde,xpt1,100,15,0.35,2,3,97,100,0
fde,xpt1,100,16,0.35,2,3,97,100,0
fde,xpt1,100,17,0.35,2,3,97,100,0
fde,xpt1,100,18,0.35,2,3,97,100,0
fde,xpt1,100,19,0.35,2,3,97,100,0
fde,xpt1,100,20,0.35,2,3,97,100,0
fde,xpt1,100,1,0.35,3,4,96,100,0
fde,xpt1,100,2,0.35,3,3,97,100,0
fde,xpt1,100,3,0.35,3,3,97,100,0
fde,xpt1,100,4,0.35,3,4,96,100,0
fde,xpt1,100,5,0.35,3,3,97,100,0
fde,xpt1,100,6,0.35,3,28,72,100,0
fde,xpt1,100,7,0.35,3,3,97,100,0
fde,xpt1,100,8,0.35,3,4,96,100,0
fde,xpt1,100,9,0.35,3,4,96,100,0
fde,xpt1,100,10,0.35,3,3,97,100,0
fde,xpt1,100,11,0.35,3,4,96,100,0
fde,xpt1,100,12,0.35,3,3,97,100,0
fde,xpt1,100,13,0.35,3,3,97,100,0
fde,xpt1,100,14,0.35,3,3,97,100,0
fde,xpt1,100,15,0.35,3,3,97,100,0
fde,xpt1,100,16,0.35,3,3,97,100,0
fde,xpt1,100,17,0.35,3,3,97,100,0
fde,xpt1,100,18,0.35,3,3,97,100,0
fde,xpt1,100,19,0.35,3,3,97,100,0
fde,xpt1,100,20,0.35,3,4,96,100,0
fde,xpt1,100,1,0.35,4,4,96,100,0
fde,xpt1,100,2,0.35,4,4,96,100,0
fde,xpt1,100,3,0.35,4,54,46,100,0
fde,xpt1,100,4,0.35,4,33,67,100,0
fde,xpt1,100,5,0.35,4,34,66,100,0
fde,xpt1,100,6,0.35,4,4,96,100,0
fde,xpt1,100,7,0.35,4,33,67,100,0
fde,xpt1,100,8,0.35,4,33,67,100,0
fde,xpt1,100,9,0.35,4,38,62,100,0
fde,xpt1,100,10,0.35,4,30,70,100,0
fde,xpt1,100,11,0.35,4,4,96,100,0
fde,xpt1,100,12,0.35,4,47,53,100,0
fde,xpt1,100,13,0.35,4,3,97,100,0
fde,xpt1,100,14,0.35,4,4,96,100,0
fde,xpt1,100,15,0.35,4,32,68,100,0
fde,xpt1,100,16,0.35,4,37,63,100,0
fde,xpt1,100,17,0.35,4,38,62,100,0
fde,xpt1,100,18,0.35,4,6,94,100,0
fde,xpt1,100,19,0.35,4,4,96,100,0
fde,xpt1,100,20,0.35,4,50,50,100,0
fde,xpt1,100,1,0.35,5,100,0,100,0
fde,xpt1,100,2,0.35,5,83,17,100,0
fde,xpt1,100,3,0.35,5,96,4,100,0
fde,xpt1,100,4,0.35,5,99,1,100,0
fde,xpt1,100,5,0.35,5,100,0,100,0
fde,xpt1,100,6,0.35,5,54,46,100,0
fde,xpt1,100,7,0.35,5,56,44,100,0
fde,xpt1,100,8,0.35,5,100,0,100,0
fde,xpt1,100,9,0.35,5,98,2,100,0
fde,xpt1,100,10,0.35,5,62,38,100,0
fde,xpt1,100,11,0.35,5,62,38,100,0
fde,xpt1,100,12,0.35,5,100,0,100,0
fde,xpt1,100,13,0.35,5,49,51,100,0
fde,xpt1,100,14,0.35,5,85,15,100,0
fde,xpt1,100,15,0.35,5,36,64,100,0
fde,xpt1,100,16,0.35,5,73,27,100,0
fde,xpt1,100,17,0.35,5,4,96,100,0
fde,xpt1,100,18,0.35,5,71,29,100,0
fde,xpt1,100,19,0.35,5,90,10,100,0
fde,xpt1,100,20,0.35,5,82,18,100,0
fde,xpt1,100,1,0.35,6,95,5,100,0
fde,xpt1,100,2,0.35,6,100,0,100,0
fde,xpt1,100,3,0.35,6,100,0,100,0
fde,xpt1,100,4,0.35,6,100,0,100,0
fde,xpt1,100,5,0.35,6,100,0,100,0
fde,xpt1,100,6,0.35,6,100,0,100,0
fde,xpt1,100,7,0.35,6,100,0,100,0
fde,xpt1,100,8,0.35,6,99,1,100,0
fde,xpt1,100,9,0.35,6,95,5,100,0
fde,xpt1,100,10,0.35,6,100,0,100,0
fde,xpt1,100,11,0.35,6,100,0,100,0
fde,xpt1,100,12,0.35,6,100,0,100,0
fde,xpt1,100,13,0.35,6,100,0,100,0
fde,xpt1,100,14,0.35,6,100,0,100,0
fde,xpt1,100,15,0.35,6,100,0,100,0
fde,xpt1,100,16,0.35,6,100,0,100,0
fde,xpt1,100,17,0.35,6,100,0,100,0
fde,xpt1,100,18,0.35,6,100,0,100,0
fde,xpt1,100,19,0.35,6,99,1,100,0
fde,xpt1,100,20,0.35,6,100,0,100,0
fde,xpt1,100,1,0.35,7,97,3,100,0
fde,xpt1,100,2,0.35,7,98,2,100,0
fde,xpt1,100,3,0.35,7,100,0,100,0
fde,xpt1,100,4,0.35,7,100,0,100,0
fde,xpt1,100,5,0.35,7,100,0,100,0
fde,xpt1,100,6,0.35,7,100,0,100,0
fde,xpt1,100,7,0.35,7,100,0,100,0
fde,xpt1,100,8,0.35,7,97,3,100,0
fde,xpt1,100,9,0.35,7,100,0,100,0
fde,xpt1,100,10,0.35,7,100,0,100,0
fde,xpt1,100,11,0.35,7,96,4,100,0
fde,xpt1,100,12,0.35,7,98,2,100,0
fde,xpt1,100,13,0.35,7,100,0,100,0
fde,xpt1,100,14,0.35,7,100,0,100,0
fde,xpt1,100,15,0.35,7,99,1,100,0
fde,xpt1,100,16,0.35,7,96,4,100,0
fde,xpt1,100,17,0.35,7,100,0,100,0
fde,xpt1,100,18,0.35,7,100,0,100,0
fde,xpt1,100,19,0.35,7,100,0,100,0
fde,xpt1,100,20,0.35,7,100,0,100,0
fde,xpt1,100,1,0.35,8,100,0,100,0
fde,xpt1,100,2,0.35,8,100,0,100,0
fde,xpt1,100,3,0.35,8,98,2,100,0
fde,xpt1,100,4,0.35,8,100,0,100,0
fde,xpt1,100,5,0.35,8,100,0,100,0
fde,xpt1,100,6,0.35,8,100,0,100,0
fde,xpt1,100,7,0.35,8,98,2,100,0
fde,xpt1,100,8,0.35,8,100,0,100,0
fde,xpt1,100,9,0.35,8,100,0,100,0
fde,xpt1,100,10,0.35,8,100,0,100,0
fde,xpt1,100,11,0.35,8,97,3,100,0
fde,xpt1,100,12,0.35,8,100,0,100,0
fde,xpt1,100,13,0.35,8,99,1,100,0
fde,xpt1,100,14,0.35,8,99,1,100,0
fde,xpt1,100,15,0.35,8,100,0,100,0
fde,xpt1,100,16,0.35,8,98,2,100,0
fde,xpt1,100,17,0.35,8,98,2,100,0
fde,xpt1,100,18,0.35,8,100,0,100,0
fde,xpt1,100,19,0.35,8,100,0,100,0
fde,xpt1,100,20,0.35,8,100,0,100,0
fde,xpt1,100,1,0.35,9,97,3,100,0
fde,xpt1,100,2,0.35,9,98,2,100,0
fde,xpt1,100,3,0.35,9,97,3,100,0
fde,xpt1,100,4,0.35,9,100,0,100,0
fde,xpt1,100,5,0.35,9,100,0,100,0
fde,xpt1,100,6,0.35,9,100,0,100,0
fde,xpt1,100,7,0.35,9,97,3,100,0
fde,xpt1,100,8,0.35,9,98,2,100,0
fde,xpt1,100,9,0.35,9,98,2,100,0
fde,xpt1,100,10,0.35,9,100,0,100,0
fde,xpt1,100,11,0.35,9,97,3,100,0
fde,xpt1,100,12,0.35,9,96,4,100,0
fde,xpt1,100,13,0.35,9,100,0,100,0
fde,xpt1,100,14,0.35,9,99,1,100,0
fde,xpt1,100,15,0.35,9,100,0,100,0
fde,xpt1,100,16,0.35,9,100,0,100,0
fde,xpt1,100,17,0.35,9,96,4,100,0
fde,xpt1,100,18,0.35,9,100,0,100,0
fde,xpt1,100,19,0.35,9,100,0,100,0
fde,xpt1,100,20,0.35,9,100,0,100,0
fde,xpt1,100,1,0.4,0,1,99,100,0
fde,xpt1,100,2,0.4,0,1,99,100,0
fde,xpt1,100,3,0.4,0,1,99,100,0
fde,xpt1,100,4,0.4,0,1,99,100,0
fde,xpt1,100,5,0.4,0,1,99,100,0
fde,xpt1,100,6,0.4,0,1,99,100,0
fde,xpt1,100,7,0.4,0,1,99,100,0
fde,xpt1,100,8,0.4,0,1,99,100,0
fde,xpt1,100,9,0.4,0,1,99,100,0
fde,xpt1,100,10,0.4,0,1,99,100,0
fde,xpt1,100,11,0.4,0,1,99,100,0
fde,xpt1,100,12,0.4,0,1,99,100,0
fde,xpt1,100,13,0.4,0,1,99,100,0
fde,xpt1,100,14,0.4,0,1,99,100,0
fde,xpt1,100,15,0.4,0,1,99,100,0
fde,xpt1,100,16,0.4,0,1,99,100,0
fde,xpt1,100,17,0.4,0,1,99,100,0
fde,xpt1,100,18,0.4,0,1,99,100,0
fde,xpt1,100,19,0.4,0,1,99,100,0
fde,xpt1,100,20,0.4,0,1,99,100,0
fde,xpt1,100,1,0.4,1,1,99,100,0
fde,xpt1,100,2,0.4,1,1,99,100,0
fde,xpt1,100,3,0.4,1,1,99,100,0
fde,xpt1,100,4,0.4,1,1,99,100,0
fde,xpt1,100,5,0.4,1,1,99,100,0
fde,xpt1,100,6,0.4,1,1,99,100,0
fde,xpt1,100,7,0.4,1,1,99,100,0
fde,xpt1,100,8,0.4,1,1,99,100,0
fde,xpt1,100,9,0.4,1,1,99,100,0
fde,xpt1,100,10,0.4,1,1,99,100,0
fde,xpt1,100,11,0.4,1,1,99,100,0
fde,xpt1,100,12,0.4,1,1,99,100,0
fde,xpt1,100,13,0.4,1,1,99,100,0
fde,xpt1,100,14,0.4,1,1,99,100,0
fde,xpt1,100,15,0.4,1,1,99,100,0
fde,xpt1,100,16,0.4,1,1,99,100,0
fde,xpt1,100,17,0.4,1,1,99,100,0
fde,xpt1,100,18,0.4,1,1,99,100,0
fde,xpt1,100,19,0.4,1,1,99,100,0
fde,xpt1,100,20,0.4,1,1,99,100,0
fde,xpt1,100,1,0.4,2,3,97,100,0
fde,xpt1,100,2,0.4,2,3,97,100,0
fde,xpt1,100,3,0.4,2,3,97,100,0
fde,xpt1,100,4,0.4,2,3,97,100,0
fde,xpt1,100,5,0.4,2,3,97,100,0
fde,xpt1,100,6,0.4,2,3,97,100,0
fde,xpt1,100,7,0.4,2,3,97,100,0
fde,xpt1,100,8,0.4,2,3,97,100,0
fde,xpt1,100,9,0.4,2,3,97,100,0
fde,xpt1,100,10,0.4,2,3,97,100,0
fde,xpt1,100,11,0.4,2,3,97,100,0
fde,xpt1,100,12,0.4,2,3,97,100,0
fde,xpt1,100,13,0.4,2,3,97,100,0
fde,xpt1,100,14,0.4,2,3,97,100,0
fde,xpt1,100,15,0.4,2,3,97,100,0
fde,xpt1,100,16,0.4,2,3,97,100,0
fde,xpt1,100,17,0.4,2,3,97,100,0
fde,xpt1,100,18,0.4,2,3,97,100,0
fde,xpt1,100,19,0.4,2,3,97,100,0
fde,xpt1,100,20,0.4,2,3,97,100,0
fde,xpt1,100,1,0.4,3,3,97,100,0
fde,xpt1,100,2,0.4,3,3,97,100,0
fde,xpt1,100,3,0.4,3,3,97,100,0
fde,xpt1,100,4,0.4,3,3,97,100,0
fde,xpt1,100,5,0.4,3,3,97,100,0
fde,xpt1,100,6,0.4,3,3,97,100,0
fde,xpt1,100,7,0.4,3,3,97,100,0
fde,xpt1,100,8,0.4,3,3,97,100,0
fde,xpt1,100,9,0.4,3,21,79,100,0
fde,xpt1,100,10,0.4,3,3,97,100,0
fde,xpt1,100,11,0.4,3,3,97,100,0
fde,xpt1,100,12,0.4,3,3,97,100,0
fde,xpt1,100,13,0.4,3,3,97,100,0
fde,xpt1,100,14,0.4,3,3,97,100,0
fde,xpt1,100,15,0.4,3,3,97,100,0
fde,xpt1,100,16,0.4,3,3,97,100,0
fde,xpt1,100,17,0.4,3,3,97,100,0
fde,xpt1,100,18,0.4,3,3,97,100,0
fde,xpt1,100,19,0.4,3,3,97,100,0
fde,xpt1,100,20,0.4,3,3,97,100,0
fde,xpt1,100,1,0.4,4,3,97,100,0
fde,xpt1,100,2,0.4,4,3,97,100,0
fde,xpt1,100,3,0.4,4,3,97,100,0
fde,xpt1,100,4,0.4,4,3,97,100,0
fde,xpt1,100,5,0.4,4,3,97,100,0
fde,xpt1,100,6,0.4,4,3,97,100,0
fde,xpt1,100,7,0.4,4,3,97,100,0
fde,xpt1,100,8,0.4,4,3,97,100,0
fde,xpt1,100,9,0.4,4,3,97,100,0
fde,xpt1,100,10,0.4,4,3,97,100,0
fde,xpt1,100,11,0.4,4,4,96,100,0
fde,xpt1,100,12,0.4,4,22,78,100,0
fde,xpt1,100,13,0.4,4,4,96,100,0
fde,xpt1,100,14,0.4,4,49,51,100,0
fde,xpt1,100,15,0.4,4,3,97,100,0
fde,xpt1,100,16,0.4,4,6,94,100,0
fde,xpt1,100,17,0.4,4,3,97,100,0
fde,xpt1,100,18,0.4,4,3,97,100,0
fde,xpt1,100,19,0.4,4,4,96,100,0
fde,xpt1,100,20,0.4,4,27,73,100,0
fde,xpt1,100,1,0.4,5,46,54,100,0
fde,xpt1,100,2,0.4,5,32,68,100,0
fde,xpt1,100,3,0.4,5,42,58,100,0
fde,xpt1,100,4,0.4,5,33,67,100,0
fde,xpt1,100,5,0.4,5,29,71,100,0
fde,xpt1,100,6,0.4,5,4,96,100,0
fde,xpt1,100,7,0.4,5,32,68,100,0
fde,xpt1,100,8,0.4,5,4,96,100,0
fde,xpt1,100,9,0.4,5,30,70,100,0
fde,xpt1,100,10,0.4,5,60,40,100,0
fde,xpt1,100,11,0.4,5,3,97,100,0
fde,xpt1,100,12,0.4,5,48,52,100,0
fde,xpt1,100,13,0.4,5,44,56,100,0
fde,xpt1,100,14,0.4,5,49,51,100,0
fde,xpt1,100,15,0.4,5,3,97,100,0
fde,xpt1,100,16,0.4,5,28,72,100,0
fde,xpt1,100,17,0.4,5,32,68,100,0
fde,xpt1,100,18,0.4,5,27,73,100,0
fde,xpt1,100,19,0.4,5,39,61,100,0
fde,xpt1,100,20,0.4,5,47,53,100,0
fde,xpt1,100,1,0.4,6,99,1,100,0
fde,xpt1,100,2,0.4,6,99,1,100,0
fde,xpt1,100,3,0.4,6,97,3,100,0
fde,xpt1,100,4,0.4,6,98,2,100,0
fde,xpt1,100,5,0.4,6,100,0,100,0
fde,xpt1,100,6,0.4,6,100,0,100,0
fde,xpt1,100,7,0.4,6,99,1,100,0
fde,xpt1,100,8,0.4,6,98,2,100,0
fde,xpt1,100,9,0.4,6,100,0,100,0
fde,xpt1,100,10,0.4,6,40,60,100,0
fde,xpt1,100,11,0.4,6,85,15,100,0
fde,xpt1,100,12,0.4,6,100,0,100,0
fde,xpt1,100,13,0.4,6,31,69,100,0
fde,xpt1,100,14,0.4,6,64,36,100,0
fde,xpt1,100,15,0.4,6,66,34,100,0
fde,xpt1,100,16,0.4,6,76,24,100,0
fde,xpt1,100,17,0.4,6,99,1,100,0
fde,xpt1,100,18,0.4,6,100,0,100,0
fde,xpt1,100,19,0.4,6,100,0,100,0
fde,xpt1,100,20,0.4,6,78,22,100,0
fde,xpt1,100,1,0.4,7,100,0,100,0
fde,xpt1,100,2,0.4,7,100,0,100,0
fde,xpt1,100,3,0.4,7,100,0,100,0
fde,xpt1,100,4,0.4,7,100,0,100,0
fde,xpt1,100,5,0.4,7,96,4,100,0
fde,xpt1,100,6,0.4,7,100,0,100,0
fde,xpt1,100,7,0.4,7,98,2,100,0
fde,xpt1,100,8,0.4,7,96,4,100,0
fde,xpt1,100,9,0.4,7,100,0,100,0
fde,xpt1,100,10,0.4,7,100,0,100,0
fde,xpt1,100,11,0.4,7,98,2,100,0
fde,xpt1,100,12,0.4,7,99,1,100,0
fde,xpt1,100,13,0.4,7,100,0,100,0
fde,xpt1,100,14,0.4,7,100,0,100,0
fde,xpt1,100,15,0.4,7,72,28,100,0
fde,xpt1,100,16,0.4,7,100,0,100,0
fde,xpt1,100,17,0.4,7,100,0,100,0
fde,xpt1,100,18,0.4,7,94,6,100,0
fde,xpt1,100,19,0.4,7,100,0,100,0
fde,xpt1,100,20,0.4,7,97,3,100,0
fde,xpt1,100,1,0.4,8,100,0,100,0
fde,xpt1,100,2,0.4,8,97,3,100,0
fde,xpt1,100,3,0.4,8,100,0,100,0
fde,xpt1,100,4,0.4,8,100,0,100,0
fde,xpt1,100,5,0.4,8,95,5,100,0
fde,xpt1,100,6,0.4,8,100,0,100,0
fde,xpt1,100,7,0.4,8,96,4,100,0
fde,xpt1,100,8,0.4,8,100,0,100,0
fde,xpt1,100,9,0.4,8,100,0,100,0
fde,xpt1,100,10,0.4,8,100,0,100,0
fde,xpt1,100,11,0.4,8,100,0,100,0
fde,xpt1,100,12,0.4,8,100,0,100,0
fde,xpt1,100,13,0.4,8,99,1,100,0
fde,xpt1,100,14,0.4,8,100,0,100,0
fde,xpt1,100,15,0.4,8,96,4,100,0
fde,xpt1,100,16,0.4,8,100,0,100,0
fde,xpt1,100,17,0.4,8,99,1,100,0
fde,xpt1,100,18,0.4,8,100,0,100,0
fde,xpt1,100,19,0.4,8,100,0,100,0
fde,xpt1,100,20,0.4,8,100,0,100,0
fde,xpt1,100,1,0.4,9,100,0,100,0
fde,xpt1,100,2,0.4,9,100,0,100,0
fde,xpt1,100,3,0.4,9,96,4,100,0
fde,xpt1,100,4,0.4,9,100,0,100,0
fde,xpt1,100,5,0.4,9,100,0,100,0
fde,xpt1,100,6,0.4,9,94,6,100,0
fde,xpt1,100,7,0.4,9,97,3,100,0
fde,xpt1,100,8,0.4,9,100,0,100,0
fde,xpt1,100,9,0.4,9,100,0,100,0
fde,xpt1,100,10,0.4,9,100,0,100,0
fde,xpt1,100,11,0.4,9,100,0,100,0
fde,xpt1,100,12,0.4,9,95,5,100,0
fde,xpt1,100,13,0.4,9,100,0,100,0
fde,xpt1,100,14,0.4,9,100,0,100,0
fde,xpt1,100,15,0.4,9,96,4,100,0
fde,xpt1,100,16,0.4,9,100,0,100,0
fde,xpt1,100,17,0.4,9,100,0,100,0
fde,xpt1,100,18,0.4,9,100,0,100,0
fde,xpt1,100,19,0.4,9,100,0,100,0
fde,xpt1,100,20,0.4,9,100,0,100,0
fde,xpt1,100,1,0.45,0,1,99,100,0
fde,xpt1,100,2,0.45,0,1,99,100,0
fde,xpt1,100,3,0.45,0,1,99,100,0
fde,xpt1,100,4,0.45,0,1,99,100,0
fde,xpt1,100,5,0.45,0,1,99,100,0
fde,xpt1,100,6,0.45,0,1,99,100,0
fde,xpt1,100,7,0.45,0,1,99,100,0
fde,xpt1,100,8,0.45,0,1,99,100,0
fde,xpt1,100,9,0.45,0,1,99,100,0
fde,xpt1,100,10,0.45,0,1,99,100,0
fde,xpt1,100,11,0.45,0,1,99,100,0
fde,xpt1,100,12,0.45,0,1,99,100,0
fde,xpt1,100,13,0.45,0,1,99,100,0
fde,xpt1,100,14,0.45,0,1,99,100,0
fde,xpt1,100,15,0.45,0,1,99,100,0
fde,xpt1,100,16,0.45,0,1,99,100,0
fde,xpt1,100,17,0.45,0,1,99,100,0
fde,xpt1,100,18,0.45,0,1,99,100,0
fde,xpt1,100,19,0.45,0,1,99,100,0
fde,xpt1,100,20,0.45,0,1,99,100,0
fde,xpt1,100,1,0.45,1,1,99,100,0
fde,xpt1,100,2,0.45,1,1,99,100,0
fde,xpt1,100,3,0.45,1,1,99,100,0
fde,xpt1,100,4,0.45,1,1,99,100,0
fde,xpt1,100,5,0.45,1,1,99,100,0
fde,xpt1,100,6,0.45,1,1,99,100,0
fde,xpt1,100,7,0.45,1,1,99,100,0
fde,xpt1,100,8,0.45,1,1,99,100,0
fde,xpt1,100,9,0.45,1,1,99,100,0
fde,xpt1,100,10,0.45,1,1,99,100,0
fde,xpt1,100,11,0.45,1,1,99,100,0
fde,xpt1,100,12,0.45,1,1,99,100,0
fde,xpt1,100,13,0.45,1,1,99,100,0
fde,xpt1,100,14,0.45,1,1,99,100,0
fde,xpt1,100,15,0.45,1,1,99,100,0
fde,xpt1,100,16,0.45,1,1,99,100,0
fde,xpt1,100,17,0.45,1,1,99,100,0
fde,xpt1,100,18,0.45,1,1,99,100,0
fde,xpt1,100,19,0.45,1,1,99,100,0
fde,xpt1,100,20,0.45,1,1,99,100,0
fde,xpt1,100,1,0.45,2,3,97,100,0
fde,xpt1,100,2,0.45,2,3,97,100,0
fde,xpt1,100,3,0.45,2,3,97,100,0
fde,xpt1,100,4,0.45,2,3,97,100,0
fde,xpt1,100,5,0.45,2,3,97,100,0
fde,xpt1,100,6,0.45,2,3,97,100,0
fde,xpt1,100,7,0.45,2,3,97,100,0
fde,xpt1,100,8,0.45,2,3,97,100,0
fde,xpt1,100,9,0.45,2,3,97,100,0
fde,xpt1,100,10,0.45,2,3,97,100,0
fde,xpt1,100,11,0.45,2,3,97,100,0
fde,xpt1,100,12,0.45,2,3,97,100,0
fde,xpt1,100,13,0.45,2,3,97,100,0
fde,xpt1,100,14,0.45,2,3,97,100,0
fde,xpt1,100,15,0.45,2,3,97,100,0
fde,xpt1,100,16,0.45,2,3,97,100,0
fde,xpt1,100,17,0.45,2,3,97,100,0
fde,xpt1,100,18,0.45,2,3,97,100,0
fde,xpt1,100,19,0.45,2,3,97,100,0
fde,xpt1,100,20,0.45,2,3,97,100,0
fde,xpt1,100,1,0.45,3,3,97,100,0
fde,xpt1,100,2,0.45,3,3,97,100,0
fde,xpt1,100,3,0.45,3,3,97,100,0
fde,xpt1,100,4,0.45,3,3,97,100,0
fde,xpt1,100,5,0.45,3,3,97,100,0
fde,xpt1,100,6,0.45,3,3,97,100,0
fde,xpt1,100,7,0.45,3,3,97,100,0
fde,xpt1,100,8,0.45,3,3,97,100,0
fde,xpt1,100,9,0.45,3,3,97,100,0
fde,xpt1,100,10,0.45,3,3,97,100,0
fde,xpt1,100,11,0.45,3,3,97,100,0
fde,xpt1,100,12,0.45,3,3,97,100,0
fde,xpt1,100,13,0.45,3,3,97,100,0
fde,xpt1,100,14,0.45,3,3,97,100,0
fde,xpt1,100,15,0.45,3,3,97,100,0
fde,xpt1,100,16,0.45,3,3,97,100,0
fde,xpt1,100,17,0.45,3,3,97,100,0
fde,xpt1,100,18,0.45,3,3,97,100,0
fde,xpt1,100,19,0.45,3,3,97,100,0
fde,xpt1,100,20,0.45,3,3,97,100,0
fde,xpt1,100,1,0.45,4,3,97,100,0
fde,xpt1,100,2,0.45,4,4,96,100,0
fde,xpt1,100,3,0.45,4,3,97,100,0
fde,xpt1,100,4,0.45,4,3,97,100,0
fde,xpt1,100,5,0.45,4,3,97,100,0
fde,xpt1,100,6,0.45,4,3,97,100,0
fde,xpt1,100,7,0.45,4,3,97,100,0
fde,xpt1,100,8,0.45,4,3,97,100,0
fde,xpt1,100,9,0.45,4,3,97,100,0
fde,xpt1,100,10,0.45,4,3,97,100,0
fde,xpt1,100,11,0.45,4,3,97,100,0
fde,xpt1,100,12,0.45,4,3,97,100,0
fde,xpt1,100,13,0.45,4,3,97,100,0
fde,xpt1,100,14,0.45,4,3,97,100,0
fde,xpt1,100,15,0.45,4,3,97,100,0
fde,xpt1,100,16,0.45,4,4,96,100,0
fde,xpt1,100,17,0.45,4,3,97,100,0
fde,xpt1,100,18,0.45,4,3,97,100,0
fde,xpt1,100,19,0.45,4,3,97,100,0
fde,xpt1,100,20,0.45,4,3,97,100,0
fde,xpt1,100,1,0.45,5,3,97,100,0
fde,xpt1,100,2,0.45,5,4,96,100,0
fde,xpt1,100,3,0.45,5,4,96,100,0
fde,xpt1,100,4,0.45,5,3,97,100,0
fde,xpt1,100,5,0.45,5,3,97,100,0
fde,xpt1,100,6,0.45,5,3,97,100,0
fde,xpt1,100,7,0.45,5,3,97,100,0
fde,xpt1,100,8,0.45,5,32,68,100,0
fde,xpt1,100,9,0.45,5,4,96,100,0
fde,xpt1,100,10,0.45,5,3,97,100,0
fde,xpt1,100,11,0.45,5,3,97,100,0
fde,xpt1,100,12,0.45,5,4,96,100,0
fde,xpt1,100,13,0.45,5,24,76,100,0
fde,xpt1,100,14,0.45,5,3,97,100,0
fde,xpt1,100,15,0.45,5,3,97,100,0
fde,xpt1,100,16,0.45,5,3,97,100,0
fde,xpt1,100,17,0.45,5,33,67,100,0
fde,xpt1,100,18,0.45,5,3,97,100,0
fde,xpt1,100,19,0.45,5,33,67,100,0
fde,xpt1,100,20,0.45,5,34,66,100,0
fde,xpt1,100,1,0.45,6,34,66,100,0
fde,xpt1,100,2,0.45,6,100,0,100,0
fde,xpt1,100,3,0.45,6,38,62,100,0
fde,xpt1,100,4,0.45,6,30,70,100,0
fde,xpt1,100,5,0.45,6,96,4,100,0
fde,xpt1,100,6,0.45,6,92,8,100,0
fde,xpt1,100,7,0.45,6,79,21,100,0
fde,xpt1,100,8,0.45,6,37,63,100,0
fde,xpt1,100,9,0.45,6,32,68,100,0
fde,xpt1,100,10,0.45,6,36,64,100,0
fde,xpt1,100,11,0.45,6,45,55,100,0
fde,xpt1,100,12,0.45,6,84,16,100,0
fde,xpt1,100,13,0.45,6,38,62,100,0
fde,xpt1,100,14,0.45,6,39,61,100,0
fde,xpt1,100,15,0.45,6,99,1,100,0
fde,xpt1,100,16,0.45,6,34,66,100,0
fde,xpt1,100,17,0.45,6,27,73,100,0
fde,xpt1,100,18,0.45,6,35,65,100,0
fde,xpt1,100,19,0.45,6,41,59,100,0
fde,xpt1,100,20,0.45,6,42,58,100,0
fde,xpt1,100,1,0.45,7,67,33,100,0
fde,xpt1,100,2,0.45,7,39,61,100,0
fde,xpt1,100,3,0.45,7,77,23,100,0
fde,xpt1,100,4,0.45,7,54,46,100,0
fde,xpt1,100,5,0.45,7,77,23,100,0
fde,xpt1,100,6,0.45,7,59,41,100,0
fde,xpt1,100,7,0.45,7,68,32,100,0
fde,xpt1,100,8,0.45,7,95,5,100,0
fde,xpt1,100,9,0.45,7,97,3,100,0
fde,xpt1,100,10,0.45,7,100,0,100,0
fde,xpt1,100,11,0.45,7,96,4,100,0
fde,xpt1,100,12,0.45,7,52,48,100,0
fde,xpt1,100,13,0.45,7,42,58,100,0
fde,xpt1,100,14,0.45,7,100,0,100,0
fde,xpt1,100,15,0.45,7,63,37,100,0
fde,xpt1,100,16,0.45,7,99,1,100,0
fde,xpt1,100,17,0.45,7,73,27,100,0
fde,xpt1,100,18,0.45,7,100,0,100,0
fde,xpt1,100,19,0.45,7,49,51,100,0
fde,xpt1,100,20,0.45,7,100,0,100,0
fde,xpt1,100,1,0.45,8,100,0,100,0
fde,xpt1,100,2,0.45,8,100,0,100,0
fde,xpt1,100,3,0.45,8,95,5,100,0
fde,xpt1,100,4,0.45,8,100,0,100,0
fde,xpt1,100,5,0.45,8,98,2,100,0
fde,xpt1,100,6,0.45,8,100,0,100,0
fde,xpt1,100,7,0.45,8,100,0,100,0
fde,xpt1,100,8,0.45,8,100,0,100,0
fde,xpt1,100,9,0.45,8,100,0,100,0
fde,xpt1,100,10,0.45,8,100,0,100,0
fde,xpt1,100,11,0.45,8,100,0,100,0
fde,xpt1,100,12,0.45,8,100,0,100,0
fde,xpt1,100,13,0.45,8,100,0,100,0
fde,xpt1,100,14,0.45,8,100,0,100,0
fde,xpt1,100,15,0.45,8,96,4,100,0
fde,xpt1,100,16,0.45,8,100,0,100,0
fde,xpt1,100,17,0.45,8,100,0,100,0
fde,xpt1,100,18,0.45,8,100,0,100,0
fde,xpt1,100,19,0.45,8,100,0,100,0
fde,xpt1,100,20,0.45,8,100,0,100,0
fde,xpt1,100,1,0.45,9,99,1,100,0
fde,xpt1,100,2,0.45,9,100,0,100,0
fde,xpt1,100,3,0.45,9,100,0,100,0
fde,xpt1,100,4,0.45,9,97,3,100,0
fde,xpt1,100,5,0.45,9,96,4,100,0
fde,xpt1,100,6,0.45,9,95,5,100,0
fde,xpt1,100,7,0.45,9,100,0,100,0
fde,xpt1,100,8,0.45,9,100,0,100,0
fde,xpt1,100,9,0.45,9,100,0,100,0
fde,xpt1,100,10,0.45,9,100,0,100,0
fde,xpt1,100,11,0.45,9,100,0,100,0
fde,xpt1,100,12,0.45,9,100,0,100,0
fde,xpt1,100,13,0.45,9,98,2,100,0
fde,xpt1,100,14,0.45,9,99,1,100,0
fde,xpt1,100,15,0.45,9,100,0,100,0
fde,xpt1,100,16,0.45,9,100,0,100,0
fde,xpt1,100,17,0.45,9,99,1,100,0
fde,xpt1,100,18,0.45,9,100,0,100,0
fde,xpt1,100,19,0.45,9,100,0,100,0
fde,xpt1,100,20,0.45,9,99,1,100,0
fde,xpt1,100,1,0.5,0,1,99,96,4
fde,xpt1,100,2,0.5,0,1,99,96,4
fde,xpt1,100,3,0.5,0,1,99,96,4
fde,xpt1,100,4,0.5,0,1,99,96,4
fde,xpt1,100,5,0.5,0,1,99,96,4
fde,xpt1,100,6,0.5,0,1,99,96,4
fde,xpt1,100,7,0.5,0,1,99,96,4
fde,xpt1,100,8,0.5,0,1,99,96,4
fde,xpt1,100,9,0.5,0,1,99,96,4
fde,xpt1,100,10,0.5,0,1,99,96,4
fde,xpt1,100,11,0.5,0,1,99,96,4
fde,xpt1,100,12,0.5,0,1,99,96,4
fde,xpt1,100,13,0.5,0,1,99,96,4
fde,xpt1,100,14,0.5,0,1,99,96,4
fde,xpt1,100,15,0.5,0,1,99,96,4
fde,xpt1,100,16,0.5,0,1,99,96,4
fde,xpt1,100,17,0.5,0,1,99,96,4
fde,xpt1,100,18,0.5,0,1,99,96,4
fde,xpt1,100,19,0.5,0,1,99,96,4
fde,xpt1,100,20,0.5,0,1,99,96,4
fde,xpt1,100,1,0.5,1,1,99,98,2
fde,xpt1,100,2,0.5,1,1,99,98,2
fde,xpt1,100,3,0.5,1,1,99,98,2
fde,xpt1,100,4,0.5,1,1,99,98,2
fde,xpt1,100,5,0.5,1,1,99,98,2
fde,xpt1,100,6,0.5,1,1,99,97,3
fde,xpt1,100,7,0.5,1,1,99,98,2
fde,xpt1,100,8,0.5,1,1,99,98,2
fde,xpt1,100,9,0.5,1,1,99,98,2
fde,xpt1,100,10,0.5,1,1,99,98,2
fde,xpt1,100,11,0.5,1,1,99,98,2
fde,xpt1,100,12,0.5,1,1,99,97,3
fde,xpt1,100,13,0.5,1,1,99,98,2
fde,xpt1,100,14,0.5,1,1,99,98,2
fde,xpt1,100,15,0.5,1,1,99,98,2
fde,xpt1,100,16,0.5,1,1,99,98,2
fde,xpt1,100,17,0.5,1,1,99,98,2
fde,xpt1,100,18,0.5,1,1,99,98,2
fde,xpt1,100,19,0.5,1,1,99,98,2
fde,xpt1,100,20,0.5,1,1,99,98,2
fde,xpt1,100,1,0.5,2,1,99,100,0
fde,xpt1,100,2,0.5,2,1,99,100,0
fde,xpt1,100,3,0.5,2,1,99,100,0
fde,xpt1,100,4,0.5,2,1,99,100,0
fde,xpt1,100,5,0.5,2,1,99,100,0
fde,xpt1,100,6,0.5,2,1,99,100,0
fde,xpt1,100,7,0.5,2,1,99,100,0
fde,xpt1,100,8,0.5,2,1,99,99,1
fde,xpt1,100,9,0.5,2,1,99,100,0
fde,xpt1,100,10,0.5,2,1,99,100,0
fde,xpt1,100,11,0.5,2,1,99,100,0
fde,xpt1,100,12,0.5,2,1,99,100,0
fde,xpt1,100,13,0.5,2,1,99,100,0
fde,xpt1,100,14,0.5,2,1,99,99,1
fde,xpt1,100,15,0.5,2,1,99,100,0
fde,xpt1,100,16,0.5,2,1,99,100,0
fde,xpt1,100,17,0.5,2,1,99,100,0
fde,xpt1,100,18,0.5,2,1,99,100,0
fde,xpt1,100,19,0.5,2,1,99,100,0
fde,xpt1,100,20,0.5,2,1,99,100,0
fde,xpt1,100,1,0.5,3,3,97,100,0
fde,xpt1,100,2,0.5,3,3,97,100,0
fde,xpt1,100,3,0.5,3,3,97,100,0
fde,xpt1,100,4,0.5,3,3,97,100,0
fde,xpt1,100,5,0.5,3,3,97,100,0
fde,xpt1,100,6,0.5,3,3,97,100,0
fde,xpt1,100,7,0.5,3,3,97,100,0
fde,xpt1,100,8,0.5,3,3,97,100,0
fde,xpt1,100,9,0.5,3,3,97,100,0
fde,xpt1,100,10,0.5,3,3,97,100,0
fde,xpt1,100,11,0.5,3,3,97,100,0
fde,xpt1,100,12,0.5,3,3,97,100,0
fde,xpt1,100,13,0.5,3,3,97,100,0
fde,xpt1,100,14,0.5,3,3,97,100,0
fde,xpt1,100,15,0.5,3,3,97,100,0
fde,xpt1,100,16,0.5,3,3,97,100,0
fde,xpt1,100,17,0.5,3,3,97,100,0
fde,xpt1,100,18,0.5,3,3,97,100,0
fde,xpt1,100,19,0.5,3,3,97,100,0
fde,xpt1,100,20,0.5,3,3,97,100,0
fde,xpt1,100,1,0.5,4,3,97,100,0
fde,xpt1,100,2,0.5,4,3,97,100,0
fde,xpt1,100,3,0.5,4,3,97,100,0
fde,xpt1,100,4,0.5,4,3,97,100,0
fde,xpt1,100,5,0.5,4,3,97,100,0
fde,xpt1,100,6,0.5,4,3,97,100,0
fde,xpt1,100,7,0.5,4,3,97,100,0
fde,xpt1,100,8,0.5,4,3,97,100,0
fde,xpt1,100,9,0.5,4,3,97,100,0
fde,xpt1,100,10,0.5,4,3,97,100,0
fde,xpt1,100,11,0.5,4,3,97,100,0
fde,xpt1,100,12,0.5,4,3,97,100,0
fde,xpt1,100,13,0.5,4,3,97,100,0
fde,xpt1,100,14,0.5,4,3,97,100,0
fde,xpt1,100,15,0.5,4,3,97,100,0
fde,xpt1,100,16,0.5,4,3,97,100,0
fde,xpt1,100,17,0.5,4,3,97,100,0
fde,xpt1,100,18,0.5,4,3,97,100,0
fde,xpt1,100,19,0.5,4,3,97,100,0
fde,xpt1,100,20,0.5,4,3,97,100,0
fde,xpt1,100,1,0.5,5,4,96,100,0
fde,xpt1,100,2,0.5,5,3,97,100,0
fde,xpt1,100,3,0.5,5,3,97,100,0
fde,xpt1,100,4,0.5,5,19,81,100,0
fde,xpt1,100,5,0.5,5,3,97,100,0
fde,xpt1,100,6,0.5,5,3,97,100,0
fde,xpt1,100,7,0.5,5,3,97,100,0
fde,xpt1,100,8,0.5,5,3,97,100,0
fde,xpt1,100,9,0.5,5,23,77,100,0
fde,xpt1,100,10,0.5,5,20,80,100,0
fde,xpt1,100,11,0.5,5,3,97,100,0
fde,xpt1,100,12,0.5,5,3,97,100,0
fde,xpt1,100,13,0.5,5,3,97,100,0
fde,xpt1,100,14,0.5,5,3,97,100,0
fde,xpt1,100,15,0.5,5,3,97,100,0
fde,xpt1,100,16,0.5,5,3,97,100,0
fde,xpt1,100,17,0.5,5,3,97,100,0
fde,xpt1,100,18,0.5,5,3,97,100,0
fde,xpt1,100,19,0.5,5,3,97,100,0
fde,xpt1,100,20,0.5,5,3,97,100,0
fde,xpt1,100,1,0.5,6,23,77,100,0
fde,xpt1,100,2,0.5,6,43,57,100,0
fde,xpt1,100,3,0.5,6,33,67,100,0
fde,xpt1,100,4,0.5,6,25,75,100,0
fde,xpt1,100,5,0.5,6,23,77,100,0
fde,xpt1,100,6,0.5,6,39,61,100,0
fde,xpt1,100,7,0.5,6,28,72,100,0
fde,xpt1,100,8,0.5,6,3,97,100,0
fde,xpt1,100,9,0.5,6,41,59,100,0
fde,xpt1,100,10,0.5,6,3,97,100,0
fde,xpt1,100,11,0.5,6,27,73,100,0
fde,xpt1,100,12,0.5,6,21,79,100,0
fde,xpt1,100,13,0.5,6,28,72,100,0
fde,xpt1,100,14,0.5,6,18,82,100,0
fde,xpt1,100,15,0.5,6,25,75,100,0
fde,xpt1,100,16,0.5,6,3,97,100,0
fde,xpt1,100,17,0.5,6,3,97,100,0
fde,xpt1,100,18,0.5,6,3,97,100,0
fde,xpt1,100,19,0.5,6,3,97,100,0
fde,xpt1,100,20,0.5,6,3,97,100,0
fde,xpt1,100,1,0.5,7,39,61,100,0
fde,xpt1,100,2,0.5,7,38,62,100,0
fde,xpt1,100,3,0.5,7,51,49,100,0
fde,xpt1,100,4,0.5,7,50,50,100,0
fde,xpt1,100,5,0.5,7,58,42,100,0
fde,xpt1,100,6,0.5,7,37,63,100,0
fde,xpt1,100,7,0.5,7,41,59,100,0
fde,xpt1,100,8,0.5,7,99,1,100,0
fde,xpt1,100,9,0.5,7,29,71,100,0
fde,xpt1,100,10,0.5,7,37,63,100,0
fde,xpt1,100,11,0.5,7,98,2,100,0
fde,xpt1,100,12,0.5,7,88,12,100,0
fde,xpt1,100,13,0.5,7,44,56,100,0
fde,xpt1,100,14,0.5,7,100,0,100,0
fde,xpt1,100,15,0.5,7,45,55,100,0
fde,xpt1,100,16,0.5,7,36,64,100,0
fde,xpt1,100,17,0.5,7,43,57,100,0
fde,xpt1,100,18,0.5,7,49,51,100,0
fde,xpt1,100,19,0.5,7,76,24,100,0
fde,xpt1,100,20,0.5,7,30,70,100,0
fde,xpt1,100,1,0.5,8,99,1,100,0
fde,xpt1,100,2,0.5,8,100,0,100,0
fde,xpt1,100,3,0.5,8,100,0,100,0
fde,xpt1,100,4,0.5,8,100,0,100,0
fde,xpt1,100,5,0.5,8,65,35,100,0
fde,xpt1,100,6,0.5,8,59,41,100,0
fde,xpt1,100,7,0.5,8,96,4,100,0
fde,xpt1,100,8,0.5,8,31,69,100,0
fde,xpt1,100,9,0.5,8,100,0,100,0
fde,xpt1,100,10,0.5,8,100,0,100,0
fde,xpt1,100,11,0.5,8,100,0,100,0
fde,xpt1,100,12,0.5,8,99,1,100,0
fde,xpt1,100,13,0.5,8,100,0,100,0
fde,xpt1,100,14,0.5,8,100,0,100,0
fde,xpt1,100,15,0.5,8,73,27,100,0
fde,xpt1,100,16,0.5,8,100,0,100,0
fde,xpt1,100,17,0.5,8,94,6,100,0
fde,xpt1,100,18,0.5,8,100,0,100,0
fde,xpt1,100,19,0.5,8,47,53,100,0
fde,xpt1,100,20,0.5,8,97,3,100,0
fde,xpt1,100,1,0.5,9,65,35,100,0
fde,xpt1,100,2,0.5,9,100,0,100,0
fde,xpt1,100,3,0.5,9,99,1,100,0
fde,xpt1,100,4,0.5,9,94,6,100,0
fde,xpt1,100,5,0.5,9,100,0,100,0
fde,xpt1,100,6,0.5,9,100,0,100,0
fde,xpt1,100,7,0.5,9,99,1,100,0
fde,xpt1,100,8,0.5,9,100,0,100,0
fde,xpt1,100,9,0.5,9,97,3,100,0
fde,xpt1,100,10,0.5,9,100,0,100,0
fde,xpt1,100,11,0.5,9,93,7,100,0
fde,xpt1,100,12,0.5,9,100,0,100,0
fde,xpt1,100,13,0.5,9,100,0,100,0
fde,xpt1,100,14,0.5,9,100,0,100,0
fde,xpt1,100,15,0.5,9,95,5,100,0
fde,xpt1,100,16,0.5,9,95,5,100,0
fde,xpt1,100,17,0.5,9,100,0,100,0
fde,xpt1,100,18,0.5,9,100,0,100,0
fde,xpt1,100,19,0.5,9,99,1,100,0
fde,xpt1,100,20,0.5,9,95,5,100,0
